Symbol,Name,Market,Sector
AAA,An Phat Plastic and Green Environment Joint Stock Company,HOSE,Process industries
AAM,Mekong Fisheries JSC,HOSE,Consumer non-durables
AAN,,,Unknown
AAT,Tien Son Thanh Hoa Group Joint Stock Company,HOSE,Consumer durables
ABR,Viet Brand Invest Joint Stock Co,HOSE,Communications
ABS,Binh Thuan Agriculture Services JSC,HOSE,Distribution services
ABT,Bentre Aquaproduct Import and Exporrt Joint Stock Company,HOSE,Consumer non-durables
ACB,Asia Commercial Joint Stock Bank,HOSE,Finance
ACC,ACC Binh Duong Investment & Construction JSC,HOSE,Industrial services
ACG,An Cuong Wood - Working Joint Stock Co,HOSE,Non-energy minerals
ACL,Cuulong Fish JSC,HOSE,Process industries
ADC,Art Design & Communication JSC,HNX,Consumer services
ADG,Clever Group Corporation,HOSE,Commercial services
ADP,A Dong Paint JSC,HOSE,Process industries
ADS,Damsan Joint Stock Company,HOSE,Process industries
AFX,An Giang Agriculture and Food Import - Export Joint Stock Co,UPCOM,Unknown
AGG,An Gia Real Estate Investment and Development JSC,HOSE,Finance
AGR,AgriBank Securities JSC,HOSE,Finance
ALT,Alta Co.,HNX,Process industries
AMC,Asia Mineral JSC,HNX,Process industries
AME,Alphanam E&C Joint Stock Company,HNX,Producer manufacturing
AMV,,,Unknown
ANT,An Giang Fruit - Vegetables & Foodstuff JSC,UPCOM,Unknown
ANV,Nam Viet Corp.,HOSE,Consumer non-durables
APG,APG Securities Joint Stock Company,HOSE,Finance
APH,An Phat Holdings JSC,HOSE,Process industries
API,Asia - Pacific Investment Joint Stock Company,HNX,Finance
APS,Securities Corporation Asia Pacific,HNX,Finance
ARM,General Aviation Import-Export JSC,HNX,Distribution services
ASG,ASG Corp.,HOSE,Transportation
ASM,Sao Mai Group Corporation,HOSE,Consumer non-durables
ASP,An Pha Petroleum Group JSC,HOSE,Distribution services
AST,Taseco Air Services JSC,HOSE,Transportation
ATS,ATS Investment Group Joint Stock Company,HNX,Consumer services
BAB,Bac A Commercial Joint Stock Bank,HNX,Finance
BAF,BAF Viet Nam Agriculture Joint Stock Company,HOSE,Process industries
BAX,Thong Nhat Joint Stock Company,HNX,Industrial services
BBS,Vicem Packaging But Son JSC,HNX,Process industries
BCC,BimSon Cement JSC,HNX,Non-energy minerals
BCE,Binh Duong Construction & Civil Engineering JSC,HOSE,Finance
BCF,Bich Chi Food Co,HNX,Consumer non-durables
BCM,Investment & Industrial Development Corp.,HOSE,Consumer durables
BED,,,Unknown
BFC,Binh Dien Fertilizer JSC,HOSE,Process industries
BHN,Hanoi Beer Alcohol and Beverage JSC,HOSE,Consumer non-durables
BIC,BIDV Insurance Corp.,HOSE,Finance
BID,Joint Stock Commercial Bank for Investment and Development of Vietnam,HOSE,Finance
BKC,Bac Kan Mineral JSC,HNX,Non-energy minerals
BKG,BKG Viet Nam Investment Joint Stock Company,HOSE,Consumer durables
BMC,Binh Dinh Minerals JSC,HOSE,Non-energy minerals
BMI,Bao Minh Insurance Corp.,HOSE,Finance
BMP,Binh Minh Plastics JSC,HOSE,Process industries
BNA,Bao Ngoc Investment Production Corp.,HNX,Consumer non-durables
BPC,Vicem Packaging Bim Son Joint Stock Company,HNX,Process industries
BRC,Ben Thanh Rubber JSC,HOSE,Producer manufacturing
BSI,BIDV Securities JSC,HOSE,Finance
BSR,Binh Son Refining & Petrochemical Co. Ltd.,HOSE,Energy minerals
BTP,Ba Ria Thermal Power JSC,HOSE,Utilities
BTS,Vicem But Son Cement Joint Stock Company,HNX,Non-energy minerals
BTT,Ben Thanh Trading & Service JSC,HOSE,Distribution services
BTW,Ben Thanh Water Supply JSC,HNX,Utilities
BVB,Viet Capital Commercial Joint Stock Bank,UPCOM,Unknown
BVH,Bao Viet Holdings,HOSE,Finance
BVS,Bao Viet Securities JSC,HNX,Finance
BWE,Binh Duong Water Environment Corporation Joint Stock Company,HOSE,Utilities
BXH,Haiphong Packing Vicem JSC,HNX,Process industries
C32,CIC39 Corp.,HOSE,Non-energy minerals
C47,Construction JSCNo. 47,HOSE,Industrial services
C69,1369 Construction JSC,HNX,Industrial services
CACB2511,,,Unknown
CACB2515,,,Unknown
CACB2516,,,Unknown
CACB2517,,,Unknown
CACB2603,,,Unknown
CACB2604,,,Unknown
CACB2606,,,Unknown
CACB2607,,,Unknown
CACB2608,,,Unknown
CACB2609,,,Unknown
CACB2610,,,Unknown
CACB2614,,,Unknown
CACB2615,,,Unknown
CACB2616,,,Unknown
CACB2617,,,Unknown
CACB2618,,,Unknown
CACB2619,,,Unknown
CACB2620,,,Unknown
CAG,An Giang Port JSC,HNX,Transportation
CAN,HaLong Canned Food JSC,HNX,Consumer non-durables
CAP,Yen Bai Agro-Forestry Products & Foodstuff Corporation,HNX,Non-energy minerals
CAR,,,Unknown
CCC,CDC Construction JSC,HOSE,Consumer durables
CCI,Cuchi Commercial and Industrial Developing Investment Joint Stock Company,HOSE,Consumer durables
CCL,Cuu Long Petro Urban Development & Investment Corp.,HOSE,Finance
CCR,Cam Ranh Port JSC,HNX,Transportation
CDC,Chuong Duong Corp.,HOSE,Finance
CDN,Da Nang Port JSC,HNX,Transportation
CEO,CEO Group JSC,HNX,Finance
CET,HTC Holding JSC,HNX,Consumer non-durables
CFPT2518,,,Unknown
CFPT2529,,,Unknown
CFPT2532,,,Unknown
CFPT2533,,,Unknown
CFPT2603,,,Unknown
CFPT2604,,,Unknown
CFPT2606,,,Unknown
CFPT2608,,,Unknown
CFPT2609,,,Unknown
CFPT2610,,,Unknown
CFPT2611,,,Unknown
CFPT2612,,,Unknown
CFPT2613,,,Unknown
CFPT2614,,,Unknown
CFPT2615,,,Unknown
CFPT2616,,,Unknown
CFPT2617,,,Unknown
CFPT2621,,,Unknown
CFPT2622,,,Unknown
CFPT2623,,,Unknown
CFPT2624,,,Unknown
CFPT2625,,,Unknown
CFPT2626,,,Unknown
CFPT2627,,,Unknown
CFPT2628,,,Unknown
CFPT2629,,,Unknown
CFPT2630,,,Unknown
CFPT2631,,,Unknown
CHDB2509,,,Unknown
CHDB2602,,,Unknown
CHDB2603,,,Unknown
CHDB2604,,,Unknown
CHDB2605,,,Unknown
CHDB2606,,,Unknown
CHDB2607,,,Unknown
CHDB2608,,,Unknown
CHDB2609,,,Unknown
CHDB2610,,,Unknown
CHDB2611,,,Unknown
CHDB2612,,,Unknown
CHDB2613,,,Unknown
CHDB2614,,,Unknown
CHDB2615,,,Unknown
CHP,Central Hydropower JSC,HOSE,Utilities
CHPG2525,,,Unknown
CHPG2539,,,Unknown
CHPG2540,,,Unknown
CHPG2541,,,Unknown
CHPG2603,,,Unknown
CHPG2604,,,Unknown
CHPG2605,,,Unknown
CHPG2606,,,Unknown
CHPG2607,,,Unknown
CHPG2609,,,Unknown
CHPG2610,,,Unknown
CHPG2613,,,Unknown
CHPG2614,,,Unknown
CHPG2615,,,Unknown
CHPG2616,,,Unknown
CHPG2617,,,Unknown
CHPG2618,,,Unknown
CHPG2619,,,Unknown
CHPG2620,,,Unknown
CHPG2621,,,Unknown
CHPG2625,,,Unknown
CHPG2626,,,Unknown
CHPG2627,,,Unknown
CHPG2628,,,Unknown
CHPG2629,,,Unknown
CHPG2630,,,Unknown
CHPG2631,,,Unknown
CHPG2632,,,Unknown
CHPG2633,,,Unknown
CHPG2634,,,Unknown
CIA,Cam Ranh International Airport Services JSC,HNX,Transportation
CIG,COMA18 JSC,HOSE,Finance
CII,Ho Chi Minh City Infrastructure Investment JSC,HOSE,Finance
CJC,,,Unknown
CKG,CIC Group Joint Stock Company,HOSE,Industrial services
CKV,Cokyvina Joint Stock Company,HNX,Electronic technology
CLC,Cat Loi JSC,HOSE,Process industries
CLH,VVMI La Hien Cement Joint Stock Company,HNX,Non-energy minerals
CLL,Cat Lai Port Joint Stock Company,HOSE,Transportation
CLM,Vinacomin - Coal Import Export Joint Stock Company,HNX,Energy minerals
CLPB2603,,,Unknown
CLPB2604,,,Unknown
CLPB2605,,,Unknown
CLPB2606,,,Unknown
CLPB2607,,,Unknown
CLPB2608,,,Unknown
CLPB2609,,,Unknown
CLPB2610,,,Unknown
CLW,Cho Lon Water Supply JSC,HOSE,Utilities
CMBB2517,,,Unknown
CMBB2521,,,Unknown
CMBB2522,,,Unknown
CMBB2523,,,Unknown
CMBB2603,,,Unknown
CMBB2604,,,Unknown
CMBB2605,,,Unknown
CMBB2606,,,Unknown
CMBB2607,,,Unknown
CMBB2609,,,Unknown
CMBB2610,,,Unknown
CMBB2614,,,Unknown
CMBB2615,,,Unknown
CMBB2616,,,Unknown
CMBB2617,,,Unknown
CMBB2618,,,Unknown
CMBB2619,,,Unknown
CMBB2620,,,Unknown
CMBB2621,,,Unknown
CMBB2622,,,Unknown
CMC,CMC Investment Joint Stock Company,HNX,Consumer durables
CMG,CMC Corporation,HOSE,Technology services
CMS,CMH Vietnam Group Joint Stock Company,HNX,Industrial services
CMSN2522,,,Unknown
CMSN2601,,,Unknown
CMSN2605,,,Unknown
CMSN2609,,,Unknown
CMSN2610,,,Unknown
CMSN2611,,,Unknown
CMSN2612,,,Unknown
CMSN2613,,,Unknown
CMSN2614,,,Unknown
CMSN2615,,,Unknown
CMSN2619,,,Unknown
CMSN2620,,,Unknown
CMSN2621,,,Unknown
CMSN2622,,,Unknown
CMSN2623,,,Unknown
CMSN2624,,,Unknown
CMSN2625,,,Unknown
CMSN2626,,,Unknown
CMV,Camau Trading JSC,HOSE,Retail trade
CMWG2525,,,Unknown
CMWG2526,,,Unknown
CMWG2527,,,Unknown
CMWG2603,,,Unknown
CMWG2604,,,Unknown
CMWG2609,,,Unknown
CMWG2610,,,Unknown
CMWG2611,,,Unknown
CMWG2612,,,Unknown
CMWG2616,,,Unknown
CMWG2617,,,Unknown
CMWG2618,,,Unknown
CMWG2619,,,Unknown
CMWG2620,,,Unknown
CMWG2621,,,Unknown
CMWG2622,,,Unknown
CMWG2623,,,Unknown
CMWG2624,,,Unknown
CMWG2625,,,Unknown
CMX,Ca Mau Group Joint Stock Company,HOSE,Consumer non-durables
CNG,CNG Vietnam Joint Stock Company,HOSE,Process industries
COM,Materials-Petroleum JSC,HOSE,Distribution services
CPC,Can Tho Pesticides JSC,HNX,Process industries
CRC,Create Capital Vietnam Joint Stock Company Ltd,HOSE,Distribution services
CRE,Century Land Joint Stock Company,HOSE,Finance
CRV,,,Unknown
CSC,Cotana Group Joint Stock Company,HNX,Industrial services
CSHB2606,,,Unknown
CSHB2607,,,Unknown
CSHB2608,,,Unknown
CSHB2609,,,Unknown
CSHB2610,,,Unknown
CSHB2611,,,Unknown
CSHB2612,,,Unknown
CSHB2613,,,Unknown
CSHB2614,,,Unknown
CSHB2615,,,Unknown
CSHB2616,,,Unknown
CSHB2617,,,Unknown
CSHB2618,,,Unknown
CSHB2619,,,Unknown
CSHB2620,,,Unknown
CSM,Southern Rubber Industry JSC,HOSE,Consumer durables
CSSB2603,,,Unknown
CSSB2604,,,Unknown
CSSB2605,,,Unknown
CSSB2606,,,Unknown
CSSB2607,,,Unknown
CST,Cao Son Coal Joint Stock Co,HNX,Energy minerals
CSTB2533,,,Unknown
CSTB2536,,,Unknown
CSTB2537,,,Unknown
CSTB2603,,,Unknown
CSTB2604,,,Unknown
CSTB2606,,,Unknown
CSTB2608,,,Unknown
CSTB2609,,,Unknown
CSTB2610,,,Unknown
CSTB2611,,,Unknown
CSTB2612,,,Unknown
CSTB2613,,,Unknown
CSTB2614,,,Unknown
CSTB2615,,,Unknown
CSTB2619,,,Unknown
CSTB2620,,,Unknown
CSTB2621,,,Unknown
CSTB2622,,,Unknown
CSTB2623,,,Unknown
CSTB2624,,,Unknown
CSTB2625,,,Unknown
CSTB2626,,,Unknown
CSTB2627,,,Unknown
CSTB2628,,,Unknown
CSTB2629,,,Unknown
CSV,South Basic Chemicals Joint Stock Company,HOSE,Process industries
CTB,Haiduong Pump Manufacturing JSC,HNX,Producer manufacturing
CTCB2521,,,Unknown
CTCB2522,,,Unknown
CTCB2523,,,Unknown
CTCB2601,,,Unknown
CTCB2603,,,Unknown
CTCB2605,,,Unknown
CTCB2606,,,Unknown
CTCB2607,,,Unknown
CTCB2611,,,Unknown
CTCB2612,,,Unknown
CTCB2613,,,Unknown
CTCB2614,,,Unknown
CTCB2615,,,Unknown
CTCB2616,,,Unknown
CTCB2617,,,Unknown
CTCB2618,,,Unknown
CTCB2619,,,Unknown
CTD,Coteccons Construction JSC,HOSE,Industrial services
CTF,City Auto Corporation,HOSE,Distribution services
CTG,Vietnam Joint Stock Commercial Bank for Industry and Trade,HOSE,Finance
CTI,Cuongthuan Idico Development,HOSE,Transportation
CTP,Hoa Binh Takara Joint Stock Company,HNX,Consumer non-durables
CTPB2605,,,Unknown
CTPB2606,,,Unknown
CTPB2607,,,Unknown
CTPB2608,,,Unknown
CTPB2609,,,Unknown
CTPB2610,,,Unknown
CTPB2611,,,Unknown
CTPB2612,,,Unknown
CTR,Viettel Construction JSC,HOSE,Industrial services
CTS,VietinBank Securities JSC,HOSE,Finance
CTT,Vinacomin - Machinery JSC,HNX,Producer manufacturing
CVHM2523,,,Unknown
CVHM2524,,,Unknown
CVHM2603,,,Unknown
CVHM2604,,,Unknown
CVHM2607,,,Unknown
CVHM2609,,,Unknown
CVHM2610,,,Unknown
CVHM2611,,,Unknown
CVHM2612,,,Unknown
CVHM2613,,,Unknown
CVHM2614,,,Unknown
CVHM2615,,,Unknown
CVHM2616,,,Unknown
CVHM2617,,,Unknown
CVHM2618,,,Unknown
CVHM2619,,,Unknown
CVHM2620,,,Unknown
CVIB2513,,,Unknown
CVIB2601,,,Unknown
CVIB2604,,,Unknown
CVIB2605,,,Unknown
CVIB2606,,,Unknown
CVIB2607,,,Unknown
CVIB2608,,,Unknown
CVIB2609,,,Unknown
CVIB2610,,,Unknown
CVIB2611,,,Unknown
CVIC2515,,,Unknown
CVIC2516,,,Unknown
CVIC2602,,,Unknown
CVIC2603,,,Unknown
CVIC2604,,,Unknown
CVIC2605,,,Unknown
CVIC2606,,,Unknown
CVIC2607,,,Unknown
CVIC2608,,,Unknown
CVIC2609,,,Unknown
CVIC2610,,,Unknown
CVIC2611,,,Unknown
CVJC2602,,,Unknown
CVJC2603,,,Unknown
CVJC2604,,,Unknown
CVJC2605,,,Unknown
CVJC2606,,,Unknown
CVNM2523,,,Unknown
CVNM2601,,,Unknown
CVNM2603,,,Unknown
CVNM2605,,,Unknown
CVNM2606,,,Unknown
CVNM2607,,,Unknown
CVNM2608,,,Unknown
CVNM2609,,,Unknown
CVNM2613,,,Unknown
CVNM2614,,,Unknown
CVNM2615,,,Unknown
CVNM2616,,,Unknown
CVNM2617,,,Unknown
CVNM2618,,,Unknown
CVNM2619,,,Unknown
CVPB2528,,,Unknown
CVPB2531,,,Unknown
CVPB2532,,,Unknown
CVPB2603,,,Unknown
CVPB2606,,,Unknown
CVPB2608,,,Unknown
CVPB2609,,,Unknown
CVPB2610,,,Unknown
CVPB2611,,,Unknown
CVPB2612,,,Unknown
CVPB2613,,,Unknown
CVPB2614,,,Unknown
CVPB2615,,,Unknown
CVPB2616,,,Unknown
CVPB2617,,,Unknown
CVPB2618,,,Unknown
CVPB2619,,,Unknown
CVPB2620,,,Unknown
CVPB2621,,,Unknown
CVPB2622,,,Unknown
CVPB2623,,,Unknown
CVPB2624,,,Unknown
CVPB2625,,,Unknown
CVRE2525,,,Unknown
CVRE2526,,,Unknown
CVRE2603,,,Unknown
CVRE2604,,,Unknown
CVRE2605,,,Unknown
CVRE2606,,,Unknown
CVRE2607,,,Unknown
CVRE2608,,,Unknown
CVRE2609,,,Unknown
CVRE2610,,,Unknown
CVT,CMC Joint Stock Company,HOSE,Industrial services
CX8,Constrexim No. 8 Investment & Construction JSC,HNX,Industrial services
D11,Real Estate 11 JSC,HNX,Finance
D2D,Industrial Urban Development Joint Stock Company No. 2,HOSE,Finance
DAD,Danang Education Development & Investment JSC,HNX,Consumer services
DAE,Educational Book JSC in Da Nang City,HNX,Consumer services
DAH,Dong A Hotel Group JSC,HOSE,Consumer services
DAT,Travel Investment & Seafood Development Corp.,HOSE,Consumer non-durables
DBC,DABACO Group,HOSE,Process industries
DBD,Binh Dinh Pharmaceutical & Medical Equipment JSC,HOSE,Health technology
DBT,Ben Tre Pharmaceutical JSC,HOSE,Health technology
DC2,Development Investment Construction No. 2 JSC,HNX,Industrial services
DC4,DIC Holdings Construction JSC,HOSE,Industrial services
DCL,Cuu Long Pharmaceutical JSC,HOSE,Health technology
DCM,PetroVietnam Ca Mau Fertilizer Joint Stock Company,HOSE,Process industries
DGC,Duc Giang Chemicals Group Joint Stock Company,HOSE,Process industries
DGW,Digiworld Corp.,HOSE,Distribution services
DHA,Hoa An Joint Stock Company,HOSE,Non-energy minerals
DHC,Dong Hai JSC of Ben Tre,HOSE,Process industries
DHG,DHG Pharmaceutical Joint Stock Company,HOSE,Health technology
DHM,Duong Hieu Trading & Mining JSC,HOSE,Non-energy minerals
DHP,Hai Phong Electrical Mechanical JSC,HNX,Consumer durables
DHT,Ha Tay Pharmaceutical JSC,HNX,Health technology
DIG,Development Investment Joint Stock Corporation,HOSE,Producer manufacturing
DIH,Development Investment Construction Hoi An JSC,HNX,Industrial services
DL1,Alpha Seven Group Joint Stock Co,HNX,Distribution services
DLG,Duc Long Gia Lai Group JSC,HOSE,Non-energy minerals
DMC,Domesco Medical Import-Export JSC,HOSE,Health technology
DMX,,,Unknown
DNC,Hai Phong Electricity Water Machine Assembly JSC,HNX,Electronic technology
DNP,Dong Nai Plastic Joint Stock Company,HNX,Producer manufacturing
DP3,Central Pharmaceutical JSC No. 3,HNX,Health technology
DPG,Dat Phuong JSC,HOSE,Industrial services
DPM,Petrovietnam Fertilizer & Chemicals Corp.,HOSE,Process industries
DPR,Dong Phu Rubber JSC,HOSE,Producer manufacturing
DQC,Dien Quang Lamp JSC,HOSE,Producer manufacturing
DRC,Danang Rubber Joint Stock Company,HOSE,Consumer durables
DRH,DRH Holdings JSC,HOSE,Finance
DRL,Hydro Power JSC-Power No.3,HOSE,Utilities
DS3,DS3 Joint Stock Company,HNX,Transportation
DSC,DSC Securities Corporation,HOSE,Finance
DSE,DNSE Securities Join Stock Company,HOSE,Finance
DSN,Dam Sen Water Park Corp.,HOSE,Consumer services
DST,Sao Thang Long Investment JSC,HNX,Consumer services
DTA,De Tam Joint Stock Company,HOSE,Finance
DTD,Thanh Dat Investment Development JSC,HNX,Non-energy minerals
DTG,Tipharco Pharmaceutical Joint Stock Co,HNX,Health technology
DTK,Vinacomin Power Holding Corp,HNX,Utilities
DTL,Dai Thien Loc Corp.,HOSE,Non-energy minerals
DTT,Do Thanh Technology Corp.,HOSE,Producer manufacturing
DVM,Vietnam Medicinal Materials Joint Stock Company,HNX,Health technology
DVP,Dinh Vu Port Investment & Development JSC,HOSE,Transportation
DXG,Dat Xanh Group JSC,HOSE,Finance
DXP,Doan Xa Port Joint Stock Company,HNX,Transportation
DXS,Dat Xanh Real Estate Service JSC,HOSE,Finance
DXV,Da Nang Construction Building Materials Vicem JSC,HOSE,Non-energy minerals
E1VFVN30,,,Unknown
EBS,Educational Book JSC in Hanoi City,HNX,Consumer services
ECI,ECI Group JSC,HNX,Consumer services
EIB,Vietnam Export Import Commercial Joint Stock Bank,HOSE,Finance
EID,Hanoi Education Investment & Development JSC,HNX,Consumer services
ELC,ELCOM Technology Communications Corporation,HOSE,Technology services
EVE,Everpia JSC,HOSE,Consumer durables
EVF,EVN Finance Joint Stock Co,HOSE,Finance
EVG,Everland Group JSC,HOSE,Distribution services
EVS,EVS Securities JSC,HNX,Finance
FCM,FECON Mining JSC,HOSE,Non-energy minerals
FCN,FECON Corporation,HOSE,Industrial services
FDC,,,Unknown
FID,Vietnam Enterprise Investment and Development Joint Stock Company,HNX,Finance
FIR,First Real Estate JSC,HOSE,Finance
FIT,F.I.T Group Joint Stock Company,HOSE,Health technology
FMC,Sao Ta Foods Joint Stock Company,HOSE,Consumer non-durables
FPT,FPT Corp.,HOSE,Technology services
FRT,FPT Digital Retail JSC,HOSE,Distribution services
FTS,FPT Securities Joint Stock Company,HOSE,Finance
FUCTVGF4,,,Unknown
FUCTVGF5,,,Unknown
FUCVREIT,,,Unknown
FUEABVND,,,Unknown
FUEBFVND,,,Unknown
FUEDCMID,,,Unknown
FUEFCV50,,,Unknown
FUEIP100,,,Unknown
FUEKIV30,,,Unknown
FUEKIVFS,,,Unknown
FUEKIVND,,,Unknown
FUEMAV30,,,Unknown
FUEMAVND,,,Unknown
FUEMITEC,,,Unknown
FUEPHVNS,,,Unknown
FUESSV30,,,Unknown
FUESSV50,,,Unknown
FUESSVFL,,,Unknown
FUETCC50,,,Unknown
FUETPVND,,,Unknown
FUEVFVND,,,Unknown
FUEVN100,,,Unknown
FUEVN50G,,,Unknown
GAS,Petrovietnam Gas JSC,HOSE,Utilities
GDT,Duc Thanh Wood Processing JSC,HOSE,Consumer durables
GDW,Gia Dinh Water Supply JSC,HNX,Utilities
GEE,Gelex Electric Joint Stock Company,HOSE,Electronic technology
GEG,Gia Lai Electricity JSC,HOSE,Utilities
GEL,,,Unknown
GEX,Gelex Group Joint Stock Co,HOSE,Electronic technology
GHC,Gia Lai Hydropower Joint Stock Company,UPCOM,Utilities
GIC,VSC GREEN LOGISTICS JOINT STOCK COMPANY,HNX,Transportation
GIL,Binh Thanh Import-Export Production & Trade JSC,HOSE,Consumer non-durables
GKM,GKM Holdings JSC,HNX,Non-energy minerals
GLT,Global Electrical Technology Corp.,HNX,Utilities
GMA,,,Unknown
GMD,GEMADEPT Corp.,HOSE,Transportation
GMH,Minh Hung Quang Tri JSC,HOSE,Non-energy minerals
GMX,My Xuan Brick Tile Pottery and Construction JSC,HNX,Non-energy minerals
GSP,International Gas Product Shipping JSC,HOSE,Transportation
GTA,Thuan An Wood Proccesing Joint Stock Company,HOSE,Consumer durables
GVR,Vietnam Rubber Group Limited,HOSE,Process industries
HAD,Ha Noi - Hai Duong Beer Joint Stock Company,HNX,Consumer non-durables
HAG,Hoang Anh Gia Lai Joint Stock Company,HOSE,Finance
HAH,Hai An Transport & Stevedoring JSC,HOSE,Transportation
HAP,HAPACO Group JSC,HOSE,Process industries
HAR,An Duong Thao Dien Real Estate Trading Investment JSC,HOSE,Finance
HAS,HACISCO JSC,HOSE,Industrial services
HAT,Hanoi Beer Trading JSC,HNX,Consumer non-durables
HAX,Hang Xanh Motor Services JSC,HOSE,Retail trade
HBS,Hoa Binh Securities JSC,HNX,Finance
HCC,Hoa Cam Concrete JSC,HNX,Non-energy minerals
HCD,HCD Investment Producing and Trading JSC,HOSE,Process industries
HCM,Ho Chi Minh City Securities Corp.,HOSE,Finance
HCT,,,Unknown
HDA,Dong A Paint JSC,HNX,Process industries
HDB,Ho Chi Minh City Development Joint Stock Commercial Bank,HOSE,Finance
HDC,Ba Ria-Vung Tau House Development JSC,HOSE,Finance
HDG,Ha Do Group Joint Stock Company,HOSE,Finance
HEV,Higher Educational & Vocational Book JSC,HNX,Consumer services
HGM,Ha Giang Mineral & Mechanics JSC,HNX,Non-energy minerals
HHC,Haiha Confectionery JSC,HNX,Consumer non-durables
HHP,Hai Phong Hoang Ha Paper JSC,HOSE,Process industries
HHS,Hoang Huy Investment Services JSC,HOSE,Consumer durables
HHV,Deo Ca Traffic Infrastructure Investment JSC,HOSE,Transportation
HID,Halcom Vietnam JSC,HOSE,Commercial services
HII,An Tien Industries Joint Stock Co,HOSE,Process industries
HJS,Nam Mu Hydropower JSC,HNX,Utilities
HKT,Ego Vietnam Investment JSC,HNX,Consumer non-durables
HLC,Vinacomin - HaLam Coal JSC,HNX,Distribution services
HLD,Hudland Real Estate Investment & Development JSC,HNX,Consumer durables
HMC,VNsteel-Ho Chi Minh City Metal Corp.,HOSE,Producer manufacturing
HMH,Hai Minh Corporation,HNX,Transportation
HMR,Hoang Mai Stone Joint Stock Co,HNX,Industrial services
HNA,Hua Na Hydropower Joint Stock Co,HOSE,Utilities
HOM,VICEM Hoang Mai Cement JSC,HNX,Non-energy minerals
HPA,,,Unknown
HPG,Hoa Phat Group JSC,HOSE,Non-energy minerals
HPO,,,Unknown
HPX,Hai Phat Investment JSC,HOSE,Finance
HQC,Hoang Quan Corp,HOSE,Finance
HRC,Hoa Binh Rubber JSC,HOSE,Non-energy minerals
HSG,Hoa Sen Group,HOSE,Non-energy minerals
HSL,Hong Ha Food Investment Development Joint Stock Co,HOSE,Consumer non-durables
HT1,Vicem Ha Tien Cement JSC,HOSE,Non-energy minerals
HTC,Hocmon Trade Joint Stock Company,HNX,Distribution services
HTG,Hoa Tho Textile - Garment Joint Stock Corporation,HOSE,Consumer non-durables
HTI,IDICO Infrastructure Development Investment Joint Stock Company,HOSE,Transportation
HTL,Truong Long Engineering & Auto JSC,HOSE,Distribution services
HTN,Hung Thinh Incons JSC,HOSE,Industrial services
HTV,Logistics Vicem Joint Stock Co,HOSE,Transportation
HU1,HUD1 Investment & Construction JSC,HOSE,Finance
HUB,Thua Thien Hue Construction Joint Stock Corp,HOSE,Industrial services
HUT,Tasco Joint Stock Company,HNX,Finance
HVH,HVC Investment & Technology JSC,HOSE,Industrial services
HVN,Vietnam Airlines JSC,HOSE,Transportation
HVT,Viet Tri Chemical JSC,HNX,Process industries
ICG,Song Hong Construction Joint Stock Company,HNX,Finance
ICT,Joint Stock Co for Telecoms and informatics,HOSE,Industrial services
IDC,IDICO Corp. JSC,HNX,Utilities
IDI,I.D.I International Development & Investment Corporation,HOSE,Consumer non-durables
IDJ,IDJ Vietnam Investment Joint Stock Company,HNX,Finance
IDV,Vinh Phuc Infrastructure Development JSC,HNX,Finance
IJC,Becamex Infrastructure Development JSC,HOSE,Finance
ILB,ICD Tan Cang - Long Binh JSC,HOSE,Transportation
IMP,Imexpharm Corporation,HOSE,Health technology
INC,IDICO Investment Consultancy JSC,HNX,Industrial services
INN,Agriculture Printing & Packaging JSC,HNX,Commercial services
IPA,IPA Investment Group Joint Stock Co,HNX,Distribution services
ITC,Investment & Trading of Real Estate Joint Stock Co.,HOSE,Finance
ITD,Innovative Technology Development Corporation,HOSE,Transportation
ITQ,Thien Quang Group JSC,HNX,Non-energy minerals
IVS,Guotai Junan Securities (Vietnam) Corp,HNX,Finance
JVC,Japan Vietnam Medical Instrument JSC,HOSE,Distribution services
KBC,Kinh Bac City Development Holding Corporation,HOSE,Consumer durables
KDC,KIDO Group Corporation,HOSE,Consumer non-durables
KDH,Khang Dien House Trading & Investment JSC,HOSE,Consumer durables
KDM,GCL Group JSC,HNX,Industrial services
KHG,Khai Hoan Land Group Joint Stock Company,HOSE,Finance
KHP,Khanh Hoa Power JSC,HOSE,Utilities
KHS,Kien Hung JSC,HNX,Consumer non-durables
KKC,Produce & Trading Metal JSC,HNX,Non-energy minerals
KLB,Kien Long Commercial Joint Stock Bank,UPCOM,Finance
KMR,Mirae Joint Stock Company,HOSE,Process industries
KMT,Central Vietnam Metal Corporation,HNX,Distribution services
KOS,Kosy JSC,HOSE,Finance
KSB,Binh Duong Mineral & Construction JSC,HOSE,Non-energy minerals
KSD,DNA Investment JSC,HNX,Consumer durables
KSF,Real Tech Group Joint Stock Company,HNX,Finance
KST,Kasati JSC,HNX,Consumer services
KSV,Vinacomin - Minerals Holding Corporation,HNX,Non-energy minerals
KTS,Kon Tum Sugar JSC,HNX,Process industries
L10,LILAMA 10 JSC,HOSE,Producer manufacturing
L14,Licogi 14 JSC,HNX,Consumer durables
L18,Construction & Investment JSC No. 18,HNX,Industrial services
L40,40 Investment and Construction JSC,HNX,Industrial services
LAF,Long An Food Processing Export JSC,HOSE,Consumer non-durables
LAS,Lam Thao Fertilizers & Chemicals JSC,HNX,Process industries
LBE,LVA Trading and Services JSC,HNX,Consumer services
LBM,Lamdong Minerals and Building Materials Join Stock Company,HOSE,Consumer durables
LCD,,,Unknown
LCG,Lizen JSC,HOSE,Distribution services
LDG,LDG Investment Joint Stock Company,HOSE,Finance
LDP,Lamdong Pharmaceutical JSC,HNX,Health technology
LGC,CII Bridges and Roads Investment Joint Stock Company,HOSE,Transportation
LGL,Long Giang Investment and Urban Development Joint Stock Company,HOSE,Industrial services
LHC,Lam Dong Investment Hydraulic Construction JSC,HNX,Industrial services
LHG,Long Hau Corp.,HOSE,Finance
LIG,Licogi 13 JSC,HNX,Industrial services
LIX,Lix Detergent JSC,HOSE,Consumer non-durables
LM8,Lilama 18 JSC,HOSE,Industrial services
LPB,Fortune Vietnam Joint Stock Commercial Bank,HOSE,Finance
LPS,,,Unknown
LSS,Lam Son Sugar JSC,HOSE,Process industries
MAC,Marine Supply & Engineering Service JSC,HNX,Transportation
MAS,Danang Airport Service JSC,HNX,Transportation
MBB,Military Commercial Joint Stock Bank,HOSE,Finance
MBG,MBG Group JSC,HNX,Producer manufacturing
MBS,MB Securities Joint Stock Company,HNX,Finance
MCC,,,Unknown
MCF,Mechanics Construction & Foodstuff JSC,HNX,Process industries
MCH,Masan Consumer Corp.,UPCOM,Consumer non-durables
MCM,MocChau Dairy Cattle Breeding JSC,HOSE,Process industries
MCO,Vietnam BDC Construction and Investment Joint Stock Company,HNX,Industrial services
MCP,My Chau Printing and Packaging Corporation,HOSE,Process industries
MDC,Vinacomin - Mong Duong Coal Joint Stock Company,HNX,Energy minerals
MDG,Mien Dong JSC,HOSE,Non-energy minerals
MED,Mediplantex National Pharmaceutical JSC,HNX,Health technology
MEL,Me Lin Steel JSC,HNX,Non-energy minerals
MHC,MHC JSC,HOSE,Transportation
MIC,Quang Nam Mineral Industry Corp.,HNX,Non-energy minerals
MIG,Military Insurance Corporation,HOSE,Finance
MKV,Cai Lay Veterinary Pharmaceutical JSC,HNX,Health technology
MSB,Vietnam Maritime Commercial Joint Stock Bank,HOSE,Finance
MSH,Song Hong Garment JSC,HOSE,Consumer non-durables
MSN,Masan Group Corporation,HOSE,Consumer non-durables
MST,MST Investment JSC,HNX,Industrial services
MVB,Vinacomin - Viet bac Mining Industry Holding Corporation,HNX,Energy minerals
MWG,Mobile World Investment Corp,HOSE,Retail trade
MZG,Miza Corporation,UPCOM,Unknown
NAB,Nam A Commercial Joint Stock Bank,HOSE,Finance
NAF,Nafoods Group JSC,HOSE,Consumer non-durables
NAG,Nagakawa Group Joint Stock Company,HNX,Consumer durables
NAP,Nghe Tinh Port Holding JSC,HNX,Transportation
NAV,Nam Viet JSC,HOSE,Producer manufacturing
NBB,577 Investment Corporation,HOSE,Finance
NBC,Vinacomin Nui Beo Coal JSC,HNX,Energy minerals
NBP,Ninh Binh Thermal Power JSC,HNX,Utilities
NBW,Nha Be Water Supply JSC,HNX,Utilities
NCT,Noi Bai Cargo Terminal Services JSC,HOSE,Transportation
NDN,Da Nang Housing Investment Development JSC,HNX,Finance
NDX,Da Nang Housing Development JSC,HNX,Industrial services
NET,Net Detergent JSC,HNX,Consumer non-durables
NFC,Ninh Binh Phosphate Fertilizer JSC,HNX,Process industries
NHA,Ha Noi South Housing & Urban Development Corp.,HOSE,Industrial services
NHC,,,Unknown
NHH,Hanoi Plastics Joint Stock Company,HOSE,Producer manufacturing
NHT,Nam Hoa Trading & Production Corp.,HOSE,Consumer durables
NKG,Nam Kim Steel Joint Stock Company,HOSE,Non-energy minerals
NLG,Nam Long Investment Corp.,HOSE,Finance
NNC,Nui Nho Stone JSC,HOSE,Non-energy minerals
NO1,911 Group JSC,HOSE,Distribution services
NRC,Danh Khoi Group JSC,HNX,Finance
NSC,VietNam National Seed Group Joint Stock Co,HOSE,Process industries
NSH,Song Hong Aluminum Shalumi Group Joint Stock Company,HNX,Non-energy minerals
NST,Ngan Son JSC,HNX,Consumer non-durables
NT2,PetroVietnam Power Nhon Trach 2 JSC,HOSE,Utilities
NTC,Nam Tan Uyen Joint Stock Corporation,UPCOM,Finance
NTH,Nuoc Trong Hydro - Power Joint Stock Co,HNX,Utilities
NTL,Tu Liem Urban Development JSC,HOSE,Finance
NTP,Tien Phong Plastics JSC,HNX,Producer manufacturing
NVB,National Citizen Commercial Joint Stock Bank,HNX,Finance
NVL,No Va Land Investment Group Corp.,HOSE,Finance
NVT,Ninh Van Bay Real Estate JSC,HOSE,Consumer durables
OCB,Orient Commercial Joint Stock Bank,HOSE,Finance
OCH,One Capital Hospitality Joint Stock Company,HNX,Consumer services
OGC,Ocean Group JSC,HOSE,Retail trade
ONE,One Communication Technology Corp.,HNX,Distribution services
OPC,OPC Pharmaceutical Joint Stock Company,HOSE,Health technology
ORS,Orient Securities Corp.,HOSE,Finance
PAC,Dry Cell & Storage Battery JSC,HOSE,Producer manufacturing
PAN,PAN Group Joint Stock Company,HOSE,Commercial services
PBP,PetroVietnam Packaging Joint Stock Company,HNX,Process industries
PC1,PC1 Group JSC,HOSE,Industrial services
PCE,Central PetroVietnam Fertilizer & Chemicals JSC,HNX,Process industries
PCH,Picomat Plastic Joint Stock Company,HNX,Process industries
PCT,Global Pacific Shipping JSC,HNX,Transportation
PDB,Din Capital Investment Group JSC,HNX,Non-energy minerals
PDN,Dong Nai Port JSC,HOSE,Transportation
PDR,Phat Dat Real Estate Development Corp.,HOSE,Finance
PDV,Phuong Dong Viet Shipping and Logistics Corporation,UPCOM,Industrial services
PEN,Petrolimex Installation No.III Joint Stock Company,HNX,Industrial services
PET,Petrovietnam General Services JSC,HOSE,Distribution services
PGC,Petrolimex Gas JSC,HOSE,Utilities
PGD,PetroVietnam Low Pressure Gas Distribution JSC,HOSE,Utilities
PGI,PJICO Insurance Corp.,HOSE,Finance
PGN,Plastic Additives JSC,HNX,Process industries
PGS,Southern Gas Trading JSC,HNX,Distribution services
PGT,PGT Holdings Joint Stock Company,HNX,Finance
PGV,Power Generation Corp. 3,HOSE,Utilities
PHC,Phuc Hung Holdings Construction JSC,HOSE,Industrial services
PHN,Hanoi Battery JSC,HNX,Producer manufacturing
PHR,Phuoc Hoa Rubber JSC,HOSE,Non-energy minerals
PIA,Petrolimex Information Technology and Telecommunication Joint Stock Co,HNX,Distribution services
PIC,PC3 - Investment Joint Stock Company,HNX,Finance
PIT,Petrolimex International Trading JSC,HOSE,Distribution services
PJC,Petrolimex Hanoi Transportation & Trading JSC,HNX,Distribution services
PJT,Petrolimex Joint Stock Tanker Co.,HOSE,Transportation
PLC,Petrolimex Petrochemical JSC,HNX,Non-energy minerals
PLP,PHALE PLASTICS JOINT STOCK COMPANY,HOSE,Process industries
PLX,Vietnam National Petroleum Group,HOSE,Distribution services
PMB,North Petro Vietnam Fertilizer & Chemicals JSC,HNX,Distribution services
PMC,Pharmedic Pharmaceutical Medicinal JSC,HNX,Health technology
PMG,Petro Center Corp.,HOSE,Distribution services
PMP,Dam Phu My Packaging JSC,HNX,Process industries
PMS,Petroleum Mechanical JSC,HNX,Process industries
PNC,Phuong Nam Cultural JSC,HOSE,Consumer services
PNJ,Phu Nhuan Jewelry JSC,HOSE,Consumer durables
POT,Post & Telecommunications Equipment JSC,HNX,Electronic technology
POW,PetroVietnam Power Corporation,HOSE,Utilities
PPC,Pha Lai Thermal Power Joint Stock Company,HOSE,Utilities
PPE,,,Unknown
PPP,Phong Phu Pharmaceutical JSC,HNX,Health technology
PPS,Petrovietnam Power Services JSC,HNX,Industrial services
PPT,Petro Times JSC,HNX,Distribution services
PPY,Phu Yen Petrovietnam Oil JSC,HNX,Distribution services
PRC,PORTSERCO LOGISTICS JOINT STOCK COMPANY,HNX,Transportation
PRE,Hanoi Reinsurance JSC,HNX,Finance
PSC,Petrolimex Saigon Transportation and Service Joint Stock Company,HNX,Distribution services
PSD,Petroleum General Distribution Services JSC,HNX,Distribution services
PSE,South-East PetroVietnam Fertilizer and Chemical Joint Stock Company,HNX,Process industries
PSI,"Petrovietnam Securities, Inc.",HNX,Finance
PSW,South - West Petro Vietnam Fertilizer and Chemicals Joint Stock,HNX,Process industries
PTB,Phu Tai JSC,HOSE,Consumer durables
PTC,iCapital Investment JSC,HOSE,Industrial services
PTD,Phuc Thinh Design Construction Trading Corp.,HNX,Commercial services
PTI,Post Telecommunication Insurance JSC,HNX,Finance
PTL,Victory Capital JSC,HOSE,Finance
PTS,Hai Phong Petrolimex Transportation & Services JSC,HNX,Distribution services
PTX,Petrolimex Nghe Tinh Transportation and Service Joint Stock Co,HNX,Industrial services
PV2,PV2 Investment JSC,HNX,Finance
PVB,Petrovietnam Coating JSC,HNX,Industrial services
PVC,PetroVietnam Chemical and Services Corporation,HNX,Industrial services
PVD,PetroVietnam Drilling & Well Services JSC,HOSE,Energy minerals
PVG,PetroVietnam LPG JSC,HNX,Distribution services
PVI,PVI Holdings,HNX,Finance
PVP,Pacific Petroleum Transportation JSC,HOSE,Industrial services
PVS,PetroVietnam Technical Services Corporation,HNX,Industrial services
PVT,PetroVietnam Transportation Corp.,HOSE,Transportation
QCG,Quoc Cuong Gia Lai JSC,HOSE,Finance
QHD,Viet Duc Welding Electrode JSC,HNX,Producer manufacturing
QNP,Quy Nhon Port Joint Stock Company,HOSE,Transportation
QST,Quang Ninh Book & Educational Equipment JSC,HNX,Distribution services
QTC,,,Unknown
RAL,Rangdong Light Source & Vacuum Flask JSC,HOSE,Producer manufacturing
RCL,Cho Lon Real Estate JSC,HNX,Finance
REE,Refrigeration Electrical Engineering Corp.,HOSE,Consumer durables
RYG,Royal Manufacture and Investment Joint Stock Company,HOSE,Producer manufacturing
S4A,Sesan 4A HydroElectric JSC,HOSE,Utilities
S55,Song Da 505 JSC,HNX,Industrial services
S99,SCI JSC,HNX,Industrial services
SAB,Saigon Beer Alcohol Beverage Corp.,HOSE,Consumer non-durables
SAF,Safoco Foodstuff JSC,HNX,Consumer non-durables
SAM,SAM HOLDINGS Corporation,HOSE,Producer manufacturing
SAV,Savimex Corp.,HOSE,Consumer durables
SBA,Song Ba JSC,HOSE,Utilities
SBG,Siba High-Tech Mechanical Group Joint Stock Company,HOSE,Non-energy minerals
SBT,Thanh Thanh Cong - Bien Hoa JSC,HOSE,Process industries
SBV,Siam Brothers Vietnam JSC,HOSE,Process industries
SC5,Construction JSC No. 5,HOSE,Industrial services
SCG,SCG Construction Group Joint Stock Company,HNX,Industrial services
SCI,SCI E&C Joint Stock Company,HNX,Industrial services
SCR,Sai Gon Thuong Tin Real Estate Joint Stock Company,HOSE,Finance
SCS,Saigon Cargo Service Corp.,HOSE,Transportation
SD5,Song Da 5 Joint stock company,HNX,Industrial services
SD9,Song Da No 9 JSC,HNX,Industrial services
SDC,Song Da Consulting JSC,HNX,Industrial services
SDG,,,Unknown
SDN,Dong Nai Paint Corp.,HNX,Process industries
SDU,Song Da Urban Investment Construction & Development JSC,HNX,Finance
SEB,Mien Trung Power Investment & Development JSC,HNX,Utilities
SED,Phuong Nam Education Investment & Development JSC,HNX,Consumer services
SFC,Saigon Fuel JSC,HOSE,Distribution services
SFG,Southern Fertilizer Joint Stock Company,HOSE,Process industries
SFI,Sea & Air Freight International,HOSE,Transportation
SFN,SaiGon Fishing Net JSC,HNX,Process industries
SGC,Sa Giang Import Export Corp.,HNX,Consumer non-durables
SGD,Educational Book JSC in Ho Chi Minh City,HNX,Consumer services
SGH,Saigon Hotel Corp.,HNX,Consumer services
SGN,Sai Gon Ground Services JSC,HOSE,Transportation
SGR,Saigon Real Estate JSC,HOSE,Finance
SGT,Saigon Telecommunication & Technologies Corp.,HOSE,Finance
SHA,Sonha Saigon JSC,HOSE,Producer manufacturing
SHB,Sai Gon - Hanoi Commercial Joint Stock Bank,HOSE,Finance
SHE,Son Ha Development of Renewable Energy JSC,HNX,Producer manufacturing
SHI,Son Ha International Corp.,HOSE,Producer manufacturing
SHN,Hanoi Investment General Corp.,HNX,Distribution services
SHP,Southern Hydropower Joint Stock Company,HOSE,Utilities
SHS,Saigon - Hanoi Securities JSC,HNX,Finance
SIP,Saigon VRG Investment Corp.,HOSE,Finance
SJ1,Hung Hau Agricultural Corp.,HNX,Process industries
SJD,Can Don Hydro Power JSC,HOSE,Utilities
SJE,Song Da No 11 JSC,HNX,Industrial services
SJS,SJ Group Joint Stock Company,HOSE,Industrial services
SKG,Superdong Fast Ferry Kien Giang Joint Stock Company,HOSE,Transportation
SLS,Son La Sugar JSC,HNX,Process industries
SMA,Saigon Machinery Spare Parts JSC,HOSE,Distribution services
SMB,Sai Gon Mien Trung Beer JSC,HOSE,Consumer non-durables
SMC,SMC Investment Trading JSC,HOSE,Distribution services
SMN,South Books & Education Equipment Joint Stock Company,HNX,Consumer services
SMT,Sametel Corp.,HNX,Producer manufacturing
SPC,Saigon Plant Protection Joint Stock Co,HNX,Process industries
SPM,SPM Corp. (Vietnam),HOSE,Health technology
SRA,Sara Vietnam JSC,HNX,Distribution services
SRC,Saovang Rubber JSC,HOSE,Consumer durables
SRF,Seaprodex Refrigeration Industry Corp.,HOSE,Producer manufacturing
SSB,Southeast Asia Commercial Joint Stock Bank,HOSE,Finance
SSC,Southern Seed Corporation,HOSE,Non-energy minerals
SSI,SSI Securities Corp.,HOSE,Finance
SSM,Structure Steel Manufacture JSC,HNX,Non-energy minerals
ST8,ST8 Investment Development Joint Stock Company,HOSE,Distribution services
STB,Saigon Thuong Tin Commercial Joint Stock Bank,HOSE,Finance
STC,Book & Educational Equipment JSC,HNX,Producer manufacturing
STG,South Logistics JSC,HOSE,Transportation
STK,Century Synthetic Fiber Corp.,HOSE,Process industries
STP,Song Da Industry Trade JSC,HNX,Process industries
SVC,Saigon General Service Corp.,HOSE,Retail trade
SVD,Vu Dang Investment & Trading Joint Stock Co,HOSE,Consumer durables
SVN,Vexilla Viet Nam Group JSC,HNX,Distribution services
SVT,Sai Gon Vien Dong Technology JSC,HOSE,Process industries
SZB,Sonadezi Long Binh Shareholding Co.,HNX,Finance
SZC,Sonadezi Chau Duc Shareholding Company,HOSE,Finance
SZL,Sonadezi Long Thanh,HOSE,Finance
TA9,Thanh An 96 Installation and Construction JSC,HNX,Consumer durables
TAL,Taseco Land Investment JSC,HOSE,Finance
TBC,Thac Ba Hydropower JSC,HOSE,Utilities
TCB,Vietnam Technological & Commercial Joint Stock Bank,HOSE,Finance
TCH,Hoang Huy Investment Financial Services JSC,HOSE,Finance
TCI,Thanh Cong Securities Co,HOSE,Finance
TCL,Tan Cang Logistics and Stevedoring Joint Stock Company,HOSE,Transportation
TCM,Thanh Cong Textile Garment Investment Trading JSC,HOSE,Process industries
TCO,TCO Holdings JSC,HOSE,Transportation
TCR,Taicera Enterprise Company,HOSE,Producer manufacturing
TCT,Tay Ninh Cable Car Tour Company,HOSE,Consumer services
TCX,,,Unknown
TD6,Deo Nai Coc Sau TKV Coal Joint Stock Company,HNX,Energy minerals
TDC,Binh Duong Trade & Development JSC,HOSE,Finance
TDG,TDG GLOBAL Investment Joint Stock Co,HOSE,Energy minerals
TDH,Thuduc Housing Development Corporation,HOSE,Finance
TDM,Thu Dau Mot Water JSC,HOSE,Utilities
TDP,Thuan Duc Joint Stock Co,HOSE,Process industries
TDT,TDT Investment & Development JSC,HNX,Consumer non-durables
TDW,Thu Duc Water Supply JSC,HOSE,Utilities
TEG,Truong Thanh Energy & Real Estate Joint Stock Company,HOSE,Finance
TET,Northern Textiles & Garment JSC,HNX,Consumer non-durables
TFC,Trang Corporation Joint Stock Company,HNX,Consumer non-durables
THB,Hanoi Thanh Hoa Beer Joint Stock Company,HNX,Consumer non-durables
THD,Thaiholdings JSC,HNX,Finance
THG,Tien Giang Investment & Construction JSC,HOSE,Industrial services
THS,,,Unknown
THT,Vinacomin - Ha Tu Coal JSC,HNX,Energy minerals
TIG,Thang Long Investment Group,HNX,Finance
TIP,Tin Nghia Industrial Park Development JSC,HOSE,Finance
TIX,Tan Binh Import Export JSC,HOSE,Finance
TJC,Transportation and Trading Services Joint Stock Company,HNX,Transportation
TKU,Tung Kuang Industrial JSC,HNX,Producer manufacturing
TLD,Thang Long Urban Development & Construction Investment JSC,HOSE,Non-energy minerals
TLG,Thien Long Group Corp.,HOSE,Consumer durables
TLH,Tien Len Steel Corporation Joint Stock Company,HOSE,Producer manufacturing
TMB,Vinacomin-Northern Coal Trading JSC,HNX,Distribution services
TMC,Thu Duc Trading & Import-Export JSC,HNX,Distribution services
TMP,Thac Mo Hydro Power JSC,HOSE,Utilities
TMS,Transimex Corporation,HOSE,Transportation
TMT,TMT Motors Corporation,HOSE,Consumer durables
TMX,VICEM Cement Trading JSC,HNX,Non-energy minerals
TN1,Rox Key Holdings Joint Stock Company,HOSE,Finance
TNC,Thong Nhat Rubber Co.,HOSE,Consumer non-durables
TNG,TNG Investment and Trading JSC,HNX,Consumer non-durables
TNH,TNH Hospital Group Joint Stock Company,HOSE,Health services
TNI,Thanh Nam Group JSC,HOSE,Producer manufacturing
TNT,Tai Nguyen Corp.,HOSE,Distribution services
TOT,Transimex Logistics Joint Stock Co,HNX,Transportation
TPB,Tien Phong Commercial Joint Stock Bank,HOSE,Finance
TPC,Tan Dai Hung Plastic JSC,HOSE,Process industries
TPP,Tan Phu Plastic JSC,HNX,Process industries
TRA,Traphaco Joint Stock Company,HOSE,Health technology
TRC,Tay Ninh Rubber JSC,HOSE,Producer manufacturing
TSA,TRUONG SON INVESTMENT AND CONSTRUCTION SERVICES JOINT STOCK COMPANY,UPCOM,Unknown
TSB,Tiasang Battery JSC,HNX,Producer manufacturing
TSC,Techno-Agricultural Supplying JSC,HOSE,Distribution services
TTA,Truong Thanh Development and Construction Investment JSC,HOSE,Utilities
TTC,Thanh Thanh JSC,HNX,Non-energy minerals
TTE,Truong Thinh Energy Investment JSC,HOSE,Utilities
TTF,Truong Thanh Furniture Corp.,HOSE,Consumer durables
TTH,Tien Thanh Service & Trading JSC,HNX,Retail trade
TTL,Thang Long JSC,HNX,Industrial services
TTT,Tay Ninh Tourist Trading JSC,HNX,Commercial services
TV2,Power Engineering Consulting 2 JSC,HOSE,Commercial services
TV3,Power Engineering Consulting 3 JSC,HNX,Industrial services
TV4,Power Engineering Consulting 4 JSC,HNX,Industrial services
TVB,Tri Viet Securities JSC,HOSE,Finance
TVC,Tri Viet Investment Management Corp.,HNX,Commercial services
TVD,Vinacomin-Vang Danh Coal JSC,HNX,Energy minerals
TVS,Thien Viet Securities JSC,HOSE,Finance
TVT,Viet Thang Corp.,HOSE,Process industries
TXM,Vicem Gypsum & Cement JSC,HNX,Non-energy minerals
TYA,Taya (Viet Nam) Electric Wire and Cable Joint Stock Company,HOSE,Producer manufacturing
UIC,IDICO Urban & House Development JSC,HOSE,Utilities
UNI,Sao Mai Viet Investment and Development JSC,HNX,Industrial services
V12,Construction JSC No. 12,HNX,Industrial services
V21,Vinaconex 21 JSC,HNX,Finance
VAB,VietNam- Asia Commercial Joint Stock Bank,HOSE,Finance
VBB,Vietnam Thuong Tin Commercial Joint Stock Bank,UPCOM,Finance
VBC,Vinh Plastic & Bags JSC,HNX,Process industries
VC1,Construction JSC No. 1,HNX,Industrial services
VC2,Vina2 Invest & Construction Joint Stock Company,HNX,Industrial services
VC3,Nam Mekong Group Joint Stock Company,HNX,Consumer durables
VC6,Visicons Construction And Investment Joint Stock Company,HNX,Industrial services
VC7,BGI Group JSC,HNX,Industrial services
VC9,VC9 - No 9 Construction Join Stock Company,HNX,Industrial services
VCA,VNSteel - Vicasa Joint Stock Co,HOSE,Non-energy minerals
VCB,Joint Stock Commercial Bank for Foreign Trade of Vietnam,HOSE,Finance
VCC,Vinaconex 25 JSC,HNX,Industrial services
VCF,Vinacafe Bien Hoa JSC,HOSE,Process industries
VCG,Vietnam Construction & Import-Export Joint Stock Corporation,HOSE,Industrial services
VCI,Vietcap Securities Joint Stock Company,HOSE,Finance
VCK,,,Unknown
VCM,BV Life Joint Stock Company,HNX,Commercial services
VCS,Vicostone Joint Stock Company,HNX,Producer manufacturing
VDL,Lamdong Foodstuffs JSC,HNX,Consumer non-durables
VDP,Vidipha Central Pharmaceutical JSC,HOSE,Health technology
VDS,Viet Dragon Securities Corp.,HOSE,Finance
VE1,VNECO1 Electricity Construction JSC,HNX,Industrial services
VE3,VNECO 3 Electricity Construction JSC,HNX,Industrial services
VE4,,,Unknown
VFG,Vietnam Fumigation JSC,HOSE,Process industries
VFS,Viet First Securities Corporation,HNX,Finance
VGC,Viglacera Corp.,HOSE,Distribution services
VGP,Vegetexco Port JSC,HNX,Transportation
VGS,Vietnam Germany Steel Pipe Joint Stock Company,HNX,Non-energy minerals
VHC,Vinh Hoan Corp,HOSE,Consumer non-durables
VHE,Viet Nam Herbs & Foods JSC,HNX,Health technology
VHL,Viglacera Ha Long JSC,HNX,Producer manufacturing
VHM,Vinhomes Joint Stock Company,HOSE,Finance
VIB,Viet Nam International Commercial Joint Stock Bank,HOSE,Finance
VIC,Vingroup Joint Stock Company,HOSE,Finance
VID,Vien Dong Investment Development Trading Corp.,HOSE,Process industries
VIF,Vietnam Forestry Corporation Joint Stock Co,HNX,Non-energy minerals
VIG,Viet Nam Financial Investment Securities Corporation,HNX,Finance
VIP,Vietnam Petroleum Transport JSC,HOSE,Transportation
VIT,Viglacera Tien Son JSC,HNX,Producer manufacturing
VIX,VIX Securities Joint Stock Company,HOSE,Finance
VJC,VietJet Aviation Joint Stock Company,HOSE,Transportation
VLA,Van Lang Technology Development and Investment JSC,HNX,Technology services
VMC,Vimeco JSC,HNX,Non-energy minerals
VMD,Vimedimex Medi-Pharma JSC,HOSE,Health technology
VMS,,,Unknown
VNC,Vinacontrol Group Corp.,HNX,Commercial services
VND,VNDirect Securities Corp.,HOSE,Finance
VNF,Vinafreight International Freight Forwarders Joint Stock Company,HNX,Transportation
VNG,Thanh Thanh Cong Tourist JSC,HOSE,Consumer services
VNL,Vinalink Logistics Joint Stock Company,HOSE,Transportation
VNM,Vietnam Dairy Products Corp.,HOSE,Consumer non-durables
VNR,Vietnam National Reinsurance Corp.,HNX,Finance
VNS,Vietnam Sun Corp.,HOSE,Consumer services
VNT,Van Cargoes & Foreign Trade Logistics JSC,HNX,Transportation
VOS,Viet Nam Ocean Shipping JSC,HOSE,Transportation
VPB,Vietnam Prosperity Joint-Stock Commercial Bank,HOSE,Finance
VPD,Vietnam Power Development JSC,HOSE,Utilities
VPG,Viet Phat Import Export Trading Investment JSC,HOSE,Process industries
VPH,Van Phat Hung Corporation,HOSE,Industrial services
VPI,Van Phu - Invest Investment JSC,HOSE,Finance
VPL,Vinpearl Joint Stock Company,HOSE,Consumer services
VPS,Vietnam Pesticide JSC,HOSE,Process industries
VPX,,,Unknown
VRC,Vung Tau Real Estate & Construction JSC,HOSE,Finance
VRE,Vincom Retail JSC,HOSE,Finance
VSA,Vietnam Ocean Shipping Agency Corp.,HNX,Transportation
VSC,Vietnam Container Shipping JSC,HOSE,Transportation
VSH,Vinh Son-Song Hinh Hydropower Joint Stock Company,HOSE,Utilities
VSI,Water Supply Sewerage Construction and Investment Joint Stock Company,HOSE,Industrial services
VSM,Central Container JSC,HNX,Transportation
VTB,Viettronics Tan Binh JSC,HOSE,Producer manufacturing
VTC,VTC Telecommunications JSC,HNX,Distribution services
VTH,Viet Thai Electric Cable Corporation,HNX,Producer manufacturing
VTJ,Vi Na Ta Ba Trading & Investment JSC,HNX,Finance
VTO,Vietnam Tanker Joint Stock Company,HOSE,Transportation
VTP,Viettel Post JSC,HOSE,Transportation
VTV,Vicem Cement Materials & Transportation JSC,HNX,Non-energy minerals
VTZ,Viet Thanh Plastic Trading and Manufacturing Joint Stock Co,HNX,Consumer durables
VVS,Vietnam Machine Investment Development Joint Stock Company,UPCOM,Unknown
WCS,West Coach Station JSC,HNX,Transportation
WSS,Wall Street Securities Co.,HNX,Finance
X20,X20 JSC,HNX,Consumer non-durables
YBM,Yen Bai Industry Mineral JSC,HOSE,Non-energy minerals
YEG,Yeah1 Group Corp.,HOSE,Technology services
