Symbol,Close,Open,High,Low,Volume,Value,Date,OpenInt
VNM,63770.28144327719,62145.56089695165,63770.28144327719,61901.85281500283,1496000.0,0.0,2023-01-03,0.0
VNM,64420.16966180739,63932.75349790974,64420.16966180739,63851.517470593455,1089800.0,0.0,2023-01-04,0.0
VNM,65963.65418081667,64420.16966180739,66126.1262354492,64176.461579858566,2469800.0,0.0,2023-01-05,0.0
VNM,64826.34979838878,65801.1821261841,65963.65418081667,64663.87774375622,1269700.0,0.0,2023-01-06,0.0
VNM,65557.47404423528,64907.58582570507,65557.47404423528,64663.87774375622,948300.0,0.0,2023-01-09,0.0
VNM,65801.1821261841,65719.94609886782,66207.36226276548,65476.238016918986,1196000.0,0.0,2023-01-10,0.0
VNM,64501.40568912368,65801.1821261841,66288.59829008175,64501.40568912368,1534700.0,0.0,2023-01-11,0.0
VNM,64988.82185302133,64907.58582570507,65151.2939076539,64420.16966180739,684900.0,0.0,2023-01-12,0.0
VNM,65476.238016918986,65151.2939076539,65882.41815350037,65070.0578803376,1449000.0,0.0,2023-01-13,0.0
VNM,64501.40568912368,65476.238016918986,65638.71007155154,64501.40568912368,654700.0,0.0,2023-01-16,0.0
VNM,65719.94609886782,65151.2939076539,65801.1821261841,64501.40568912368,1671400.0,0.0,2023-01-17,0.0
VNM,66044.89020813293,65719.94609886782,66207.36226276548,65557.47404423528,1297900.0,0.0,2023-01-18,0.0
VNM,66044.89020813293,65638.71007155154,66207.36226276548,64988.82185302133,2627700.0,0.0,2023-01-19,0.0
VNM,64988.82185302133,66126.1262354492,66532.3063720306,64663.87774375622,2331800.0,0.0,2023-01-27,0.0
VNM,64501.40568912368,64988.82185302133,64988.82185302133,64501.40568912368,1614000.0,0.0,2023-01-30,0.0
VNM,62632.977060849305,64338.93363449113,64582.64171643995,62470.505006216765,4817500.0,0.0,2023-01-31,0.0
VNM,62714.21308816559,63120.39322474698,63201.62925206325,62470.505006216765,1810400.0,0.0,2023-02-01,0.0
VNM,62308.03295158421,62876.68514279815,62957.921170114416,62308.03295158421,1494400.0,0.0,2023-02-02,0.0
VNM,61739.380760370266,62551.74103353304,62632.977060849305,61658.144733054,1855200.0,0.0,2023-02-03,0.0
VNM,62876.68514279815,61658.144733054,62957.921170114416,61658.144733054,1910700.0,0.0,2023-02-06,0.0
VNM,61820.61678768654,63039.15719743069,63039.15719743069,61820.61678768654,1274400.0,0.0,2023-02-07,0.0
VNM,61576.90870573772,61901.85281500283,62226.796924267925,61495.67267842144,1550000.0,0.0,2023-02-08,0.0
VNM,60927.0204872075,61576.90870573772,61739.380760370266,60927.0204872075,1593600.0,0.0,2023-02-09,0.0
VNM,61658.144733054,60927.0204872075,61658.144733054,60927.0204872075,1236100.0,0.0,2023-02-10,0.0
VNM,61170.72856915633,61658.144733054,61658.144733054,60195.896241361006,1569000.0,0.0,2023-02-13,0.0
VNM,60683.31240525868,61170.72856915633,61495.67267842144,60439.604323309846,1073500.0,0.0,2023-02-14,0.0
VNM,61739.380760370266,60683.31240525868,61739.380760370266,60439.604323309846,1443500.0,0.0,2023-02-15,0.0
VNM,62145.56089695165,61739.380760370266,62145.56089695165,61414.43665110516,691300.0,0.0,2023-02-16,0.0
VNM,61739.380760370266,61820.61678768654,62064.32486963538,61170.72856915633,777000.0,0.0,2023-02-17,0.0
VNM,62957.921170114416,61739.380760370266,62957.921170114416,61333.200623788885,1385300.0,0.0,2023-02-20,0.0
VNM,62714.21308816559,62957.921170114416,63039.15719743069,62308.03295158421,888300.0,0.0,2023-02-21,0.0
VNM,61333.200623788885,61983.0888423191,62308.03295158421,61333.200623788885,1295600.0,0.0,2023-02-22,0.0
VNM,61495.67267842144,61333.200623788885,62470.505006216765,60439.604323309846,2327900.0,0.0,2023-02-23,0.0
VNM,60683.31240525868,61495.67267842144,61739.380760370266,60520.84035062612,1681000.0,0.0,2023-02-24,0.0
VNM,61089.49254184006,60683.31240525868,61658.144733054,60114.660214044736,1112500.0,0.0,2023-02-27,0.0
VNM,61333.200623788885,61333.200623788885,61658.144733054,61008.256514523775,1034300.0,0.0,2023-02-28,0.0
VNM,62470.505006216765,61008.256514523775,62551.74103353304,60927.0204872075,1635500.0,0.0,2023-03-01,0.0
VNM,62145.56089695165,62470.505006216765,62470.505006216765,61820.61678768654,1088800.0,0.0,2023-03-02,0.0
VNM,61739.380760370266,60927.0204872075,62389.26897890048,60927.0204872075,704200.0,0.0,2023-03-03,0.0
VNM,60927.0204872075,61739.380760370266,62226.796924267925,60927.0204872075,891800.0,0.0,2023-03-06,0.0
VNM,61576.90870573772,61658.144733054,61901.85281500283,61333.200623788885,1170900.0,0.0,2023-03-07,0.0
VNM,62145.56089695165,61089.49254184006,62145.56089695165,60927.0204872075,1244400.0,0.0,2023-03-08,0.0
VNM,62145.56089695165,61901.85281500283,62632.977060849305,61901.85281500283,1389700.0,0.0,2023-03-09,0.0
VNM,62470.505006216765,62145.56089695165,62714.21308816559,61820.61678768654,1427700.0,0.0,2023-03-10,0.0
VNM,62470.505006216765,62389.26897890048,62632.977060849305,62226.796924267925,1824500.0,0.0,2023-03-13,0.0
VNM,62226.796924267925,61983.0888423191,62470.505006216765,61414.43665110516,1735100.0,0.0,2023-03-14,0.0
VNM,62632.977060849305,62226.796924267925,62795.44911548187,62145.56089695165,1960200.0,0.0,2023-03-15,0.0
VNM,62064.32486963538,62551.74103353304,62632.977060849305,61658.144733054,1529200.0,0.0,2023-03-16,0.0
VNM,60520.84035062612,62064.32486963538,62064.32486963538,60520.84035062612,2432800.0,0.0,2023-03-17,0.0
VNM,60358.36829599356,60927.0204872075,60927.0204872075,60195.896241361006,1609600.0,0.0,2023-03-20,0.0
VNM,60439.604323309846,60439.604323309846,61008.256514523775,60277.13226867729,1350200.0,0.0,2023-03-21,0.0
VNM,60439.604323309846,60602.07637794239,60683.31240525868,60439.604323309846,900200.0,0.0,2023-03-22,0.0
VNM,61170.72856915633,60358.36829599356,61170.72856915633,60114.660214044736,1285000.0,0.0,2023-03-23,0.0
VNM,60927.0204872075,60927.0204872075,61333.200623788885,60764.54843257495,932300.0,0.0,2023-03-24,0.0
VNM,60602.07637794239,60927.0204872075,60927.0204872075,60358.36829599356,1371500.0,0.0,2023-03-27,0.0
VNM,60439.604323309846,60520.84035062612,61170.72856915633,60439.604323309846,1650000.0,0.0,2023-03-28,0.0
VNM,60845.78445989123,60683.31240525868,60845.78445989123,60439.604323309846,907400.0,0.0,2023-03-29,0.0
VNM,60927.0204872075,60683.31240525868,61251.96459647261,60602.07637794239,838700.0,0.0,2023-03-30,0.0
VNM,60439.604323309846,60927.0204872075,61251.96459647261,60439.604323309846,1076100.0,0.0,2023-03-31,0.0
VNM,60439.604323309846,60602.07637794239,60845.78445989123,60277.13226867729,850600.0,0.0,2023-04-03,0.0
VNM,60277.13226867729,60439.604323309846,60520.84035062612,60277.13226867729,1819000.0,0.0,2023-04-04,0.0
VNM,60520.84035062612,60277.13226867729,60764.54843257495,60195.896241361006,963400.0,0.0,2023-04-05,0.0
VNM,60358.36829599356,60439.604323309846,60602.07637794239,60358.36829599356,905600.0,0.0,2023-04-06,0.0
VNM,60683.31240525868,60439.604323309846,60683.31240525868,60358.36829599356,794400.0,0.0,2023-04-07,0.0
VNM,60439.604323309846,60683.31240525868,60683.31240525868,60439.604323309846,832700.0,0.0,2023-04-10,0.0
VNM,60439.604323309846,60358.36829599356,60520.84035062612,60195.896241361006,782800.0,0.0,2023-04-11,0.0
VNM,60358.36829599356,60439.604323309846,60439.604323309846,60114.660214044736,979100.0,0.0,2023-04-12,0.0
VNM,59708.48007746335,60358.36829599356,60439.604323309846,59708.48007746335,889600.0,0.0,2023-04-13,0.0
VNM,59139.82788624941,59789.716104779625,59870.95213209591,59139.82788624941,1294000.0,0.0,2023-04-14,0.0
VNM,58246.23158577037,59139.82788624941,59221.0639135657,58246.23158577037,1365400.0,0.0,2023-04-17,0.0
VNM,59302.29994088197,58327.46761308665,59302.29994088197,58327.46761308665,931800.0,0.0,2023-04-18,0.0
VNM,58489.9396677192,59383.53596819824,59383.53596819824,58489.9396677192,816300.0,0.0,2023-04-19,0.0
VNM,58408.70364040293,58571.17569503547,58977.35583161686,58327.46761308665,822300.0,0.0,2023-04-20,0.0
VNM,57596.34336724016,58489.9396677192,58489.9396677192,57515.10733992388,1107600.0,0.0,2023-04-21,0.0
VNM,57271.39925797505,57677.57939455643,57758.81542187271,57027.69117602622,1134600.0,0.0,2023-04-24,0.0
VNM,56783.9830940774,57271.39925797505,58002.52350382154,56702.74706676111,1370200.0,0.0,2023-04-25,0.0
VNM,57677.57939455643,56865.21912139367,57677.57939455643,56865.21912139367,941600.0,0.0,2023-04-26,0.0
VNM,56459.03898481229,57677.57939455643,57677.57939455643,56459.03898481229,1369100.0,0.0,2023-04-27,0.0
VNM,56865.21912139367,56702.74706676111,57027.69117602622,56621.51103944484,1116700.0,0.0,2023-04-28,0.0
VNM,55727.9147389658,56865.21912139367,56865.21912139367,55565.44268433325,2657800.0,0.0,2023-05-04,0.0
VNM,55890.38679359834,55727.9147389658,56215.330902863454,55727.9147389658,712200.0,0.0,2023-05-05,0.0
VNM,57190.16323065879,56052.858848230906,57190.16323065879,56052.858848230906,1227700.0,0.0,2023-05-08,0.0
VNM,57433.8713126076,57515.10733992388,57677.57939455643,57271.39925797505,871300.0,0.0,2023-05-09,0.0
VNM,57271.39925797505,57515.10733992388,57758.81542187271,57271.39925797505,951600.0,0.0,2023-05-10,0.0
VNM,56865.21912139367,57271.39925797505,57596.34336724016,56865.21912139367,447300.0,0.0,2023-05-11,0.0
VNM,56540.27501212856,57190.16323065879,57190.16323065879,56459.03898481229,1214100.0,0.0,2023-05-12,0.0
VNM,56052.858848230906,56783.9830940774,56783.9830940774,56052.858848230906,1537800.0,0.0,2023-05-15,0.0
VNM,56621.51103944484,56052.858848230906,56621.51103944484,56052.858848230906,1380300.0,0.0,2023-05-16,0.0
VNM,56052.858848230906,56621.51103944484,56621.51103944484,55890.38679359834,1869200.0,0.0,2023-05-17,0.0
VNM,56215.330902863454,56052.858848230906,56865.21912139367,55646.67871164952,2496400.0,0.0,2023-05-18,0.0
VNM,55727.9147389658,56377.80295749602,56459.03898481229,55727.9147389658,1203800.0,0.0,2023-05-19,0.0
VNM,55402.97062970069,55809.15076628207,56052.858848230906,55402.97062970069,1698000.0,0.0,2023-05-22,0.0
VNM,54428.13830190537,55240.49857506814,55565.44268433325,54428.13830190537,2935700.0,0.0,2023-05-23,0.0
VNM,53859.48611069143,54509.374329221646,54753.08241117048,53697.01405605888,2350000.0,0.0,2023-05-24,0.0
VNM,54509.374329221646,53778.25008337516,54834.31843848676,53615.77802874261,1305500.0,0.0,2023-05-25,0.0
VNM,54509.374329221646,54753.08241117048,55240.49857506814,54509.374329221646,904500.0,0.0,2023-05-26,0.0
VNM,54509.374329221646,54671.846383854194,54996.7904931193,54509.374329221646,1043600.0,0.0,2023-05-29,0.0
VNM,54021.95816532399,54509.374329221646,54753.08241117048,54021.95816532399,1770500.0,0.0,2023-05-30,0.0
VNM,53697.01405605888,54265.66624727281,54265.66624727281,53697.01405605888,1466600.0,0.0,2023-05-31,0.0
VNM,53697.01405605888,53697.01405605888,54021.95816532399,53615.77802874261,1214500.0,0.0,2023-06-01,0.0
VNM,53534.54200142633,53778.25008337516,53859.48611069143,53209.59789216122,2969700.0,0.0,2023-06-02,0.0
VNM,54021.95816532399,54021.95816532399,54590.61035653792,53778.25008337516,3323000.0,0.0,2023-06-05,0.0
VNM,53940.72213800772,54346.9022745891,54346.9022745891,53615.77802874261,3423000.0,0.0,2023-06-06,0.0
VNM,53778.25008337516,54021.95816532399,54184.43021995654,53615.77802874261,3719000.0,0.0,2023-06-07,0.0
VNM,53209.59789216122,54021.95816532399,54021.95816532399,53209.59789216122,5036500.0,0.0,2023-06-08,0.0
VNM,53453.30597411005,53290.83391947749,54021.95816532399,53209.59789216122,2080200.0,0.0,2023-06-09,0.0
VNM,55159.26254775187,53615.77802874261,55240.49857506814,53615.77802874261,5450300.0,0.0,2023-06-12,0.0
VNM,54915.55446580303,55321.73460238441,55484.20665701696,54834.31843848676,4943400.0,0.0,2023-06-13,0.0
VNM,54509.374329221646,54996.7904931193,55402.97062970069,54509.374329221646,4910200.0,0.0,2023-06-14,0.0
VNM,53859.48611069143,54671.846383854194,54753.08241117048,53778.25008337516,4687800.0,0.0,2023-06-15,0.0
VNM,53697.01405605888,54021.95816532399,54103.19419264026,53615.77802874261,5993000.0,0.0,2023-06-16,0.0
VNM,53453.30597411005,53859.48611069143,54103.19419264026,53290.83391947749,3279400.0,0.0,2023-06-19,0.0
VNM,53209.59789216122,53534.54200142633,53534.54200142633,53209.59789216122,2963000.0,0.0,2023-06-20,0.0
VNM,53859.48611069143,53290.83391947749,53859.48611069143,53209.59789216122,3490900.0,0.0,2023-06-21,0.0
VNM,54346.9022745891,54021.95816532399,54671.846383854194,53859.48611069143,5610600.0,0.0,2023-06-22,0.0
VNM,56134.09487554717,54428.13830190537,56459.03898481229,54428.13830190537,11958000.0,0.0,2023-06-23,0.0
VNM,57352.63528529132,56296.56693017973,57433.8713126076,55484.20665701696,10737800.0,0.0,2023-06-26,0.0
VNM,57271.39925797505,57515.10733992388,57515.10733992388,56540.27501212856,5978900.0,0.0,2023-06-27,0.0
VNM,57352.63528529132,57271.39925797505,57596.34336724016,56621.51103944484,6154700.0,0.0,2023-06-28,0.0
VNM,58408.70364040293,57352.63528529132,58814.88377698431,56946.45514870994,7698400.0,0.0,2023-06-29,0.0
VNM,57677.57939455643,58408.70364040293,58489.9396677192,57515.10733992388,3645000.0,0.0,2023-06-30,0.0
VNM,57433.8713126076,57758.81542187271,58002.52350382154,57108.92720334249,3186200.0,0.0,2023-07-03,0.0
VNM,57352.63528529132,57271.39925797505,57840.05144918899,56946.45514870994,4781600.0,0.0,2023-07-04,0.0
VNM,56702.74706676111,57515.10733992388,57515.10733992388,56540.27501212856,6659200.0,0.0,2023-07-05,0.0
VNM,57271.39925797505,56783.9830940774,57433.8713126076,56702.74706676111,7631000.0,0.0,2023-07-06,0.0
VNM,57596.34336724016,57433.8713126076,57840.05144918899,57190.16323065879,5780500.0,0.0,2023-07-07,0.0
VNM,58571.17569503547,58002.52350382154,59058.59185893314,57840.05144918899,6171100.0,0.0,2023-07-10,0.0
VNM,59139.82788624941,58571.17569503547,59627.24405014708,58246.23158577037,5702300.0,0.0,2023-07-11,0.0
VNM,59708.48007746335,59221.0639135657,59708.48007746335,58977.35583161686,4195800.0,0.0,2023-07-12,0.0
VNM,59383.53596819824,59627.24405014708,59952.18815941218,59221.0639135657,3783500.0,0.0,2023-07-13,0.0
VNM,59546.0080228308,59464.77199551452,59627.24405014708,58571.17569503547,5209700.0,0.0,2023-07-14,0.0
VNM,58733.64774966803,59302.29994088197,59789.716104779625,58652.41172235176,3922800.0,0.0,2023-07-17,0.0
VNM,58814.88377698431,58896.11980430058,58977.35583161686,58652.41172235176,2930000.0,0.0,2023-07-18,0.0
VNM,58977.35583161686,58896.11980430058,59302.29994088197,58814.88377698431,2945100.0,0.0,2023-07-19,0.0
VNM,58977.35583161686,58977.35583161686,59139.82788624941,58733.64774966803,2600700.0,0.0,2023-07-20,0.0
VNM,59708.48007746335,58977.35583161686,59708.48007746335,58896.11980430058,3341800.0,0.0,2023-07-21,0.0
VNM,59789.716104779625,59708.48007746335,60114.660214044736,59546.0080228308,2535300.0,0.0,2023-07-24,0.0
VNM,60520.84035062612,59789.716104779625,60683.31240525868,59383.53596819824,4245900.0,0.0,2023-07-25,0.0
VNM,60927.0204872075,60439.604323309846,61089.49254184006,60358.36829599356,3189700.0,0.0,2023-07-26,0.0
VNM,61495.67267842144,60927.0204872075,61576.90870573772,60764.54843257495,4178200.0,0.0,2023-07-27,0.0
VNM,62876.68514279815,61576.90870573772,63120.39322474698,61414.43665110516,5473600.0,0.0,2023-07-28,0.0
VNM,63364.10130669581,62795.44911548187,63689.045415960914,62714.21308816559,3364900.0,0.0,2023-07-31,0.0
VNM,61739.380760370266,63364.10130669581,63364.10130669581,61739.380760370266,5730800.0,0.0,2023-08-01,0.0
VNM,61820.61678768654,61739.380760370266,62145.56089695165,61170.72856915633,2678900.0,0.0,2023-08-02,0.0
VNM,60939.26380058573,62198.33949894494,62198.33949894494,60939.26380058573,2917600.0,0.0,2023-08-03,0.0
VNM,61275.0173201482,60855.32542069512,61275.0173201482,60435.63352124205,3165200.0,0.0,2023-08-04,0.0
VNM,62869.846538069854,61191.07894025758,62869.846538069854,60687.44866091389,4317900.0,0.0,2023-08-07,0.0
VNM,62534.0930185074,62701.96977828863,62869.846538069854,62030.462739163726,3430500.0,0.0,2023-08-08,0.0
VNM,61358.9557000388,62534.0930185074,62534.0930185074,61107.14056036696,3705000.0,0.0,2023-08-09,0.0
VNM,61358.9557000388,61358.9557000388,62114.40111905433,61191.07894025758,2733200.0,0.0,2023-08-10,0.0
VNM,61694.70921960126,61358.9557000388,61694.70921960126,60771.38704080451,2181300.0,0.0,2023-08-11,0.0
VNM,61610.770839710654,61610.770839710654,61694.70921960126,60855.32542069512,3066500.0,0.0,2023-08-14,0.0
VNM,61107.14056036696,61191.07894025758,61610.770839710654,61023.20218047635,2219700.0,0.0,2023-08-15,0.0
VNM,61358.9557000388,61107.14056036696,61694.70921960126,60855.32542069512,2083900.0,0.0,2023-08-16,0.0
VNM,61778.647599491866,61358.9557000388,62534.0930185074,61191.07894025758,4580900.0,0.0,2023-08-17,0.0
VNM,61526.83245982003,61694.70921960126,62785.90815817924,60519.57190113266,7106200.0,0.0,2023-08-18,0.0
VNM,61191.07894025758,61023.20218047635,61946.5243592731,61023.20218047635,3055200.0,0.0,2023-08-21,0.0
VNM,61023.20218047635,61442.89407992942,61442.89407992942,59680.18810222652,3075100.0,0.0,2023-08-22,0.0
VNM,61694.70921960126,60771.38704080451,61778.647599491866,60099.8800016796,3072800.0,0.0,2023-08-23,0.0
VNM,62701.96977828863,61694.70921960126,62869.846538069854,61275.0173201482,4419900.0,0.0,2023-08-24,0.0
VNM,62869.846538069854,63205.60005763231,63205.60005763231,62366.21625872617,2751400.0,0.0,2023-08-25,0.0
VNM,65387.99793478828,62953.78491796047,65555.8746945695,62953.78491796047,5466800.0,0.0,2023-08-28,0.0
VNM,64968.306035335205,65052.24441522582,65136.18279511642,63961.04547664784,4199900.0,0.0,2023-08-29,0.0
VNM,65304.05955489766,64632.552515772746,65891.62821413195,64212.86061631968,2659700.0,0.0,2023-08-30,0.0
VNM,65304.05955489766,65052.24441522582,66227.38173369442,64716.49089566336,3836000.0,0.0,2023-08-31,0.0
VNM,67234.64229238177,65891.62821413195,67570.39581194424,65555.8746945695,6839900.0,0.0,2023-09-05,0.0
VNM,67150.70391249117,67234.64229238177,67234.64229238177,66731.0120130381,2280400.0,0.0,2023-09-06,0.0
VNM,66731.0120130381,67066.76553260056,67150.70391249117,65975.56659402257,3526700.0,0.0,2023-09-07,0.0
VNM,67150.70391249117,66479.19687336627,67234.64229238177,66395.25849347563,2774900.0,0.0,2023-09-08,0.0
VNM,66731.0120130381,67150.70391249117,68074.02609128792,65136.18279511642,4234900.0,0.0,2023-09-11,0.0
VNM,67402.51905216301,66311.32011358502,67738.27257172548,65723.75145435073,2668500.0,0.0,2023-09-12,0.0
VNM,66395.25849347563,66814.9503929287,67402.51905216301,66059.5049739132,2507000.0,0.0,2023-09-13,0.0
VNM,66647.07363314749,65891.62821413195,67150.70391249117,65807.68983424135,2482600.0,0.0,2023-09-14,0.0
VNM,66731.0120130381,66647.07363314749,68157.96447117855,66311.32011358502,5614800.0,0.0,2023-09-15,0.0
VNM,66227.38173369442,66395.25849347563,66982.82715270994,66059.5049739132,1322100.0,0.0,2023-09-18,0.0
VNM,66227.38173369442,65891.62821413195,66227.38173369442,64968.306035335205,2571700.0,0.0,2023-09-19,0.0
VNM,65723.75145435073,65807.68983424135,66143.4433538038,65471.93631467888,1842800.0,0.0,2023-09-20,0.0
VNM,65471.93631467888,65555.8746945695,65723.75145435073,64884.36765544459,2537900.0,0.0,2023-09-21,0.0
VNM,65052.24441522582,64716.49089566336,65723.75145435073,63625.29195708538,4244900.0,0.0,2023-09-22,0.0
VNM,65136.18279511642,64800.42927555398,65891.62821413195,64380.73737610091,2755500.0,0.0,2023-09-25,0.0
VNM,63877.10709675722,65136.18279511642,65471.93631467888,63793.16871686661,2534600.0,0.0,2023-09-26,0.0
VNM,64296.79899621029,64044.98385653845,64296.79899621029,62785.90815817924,2273300.0,0.0,2023-09-27,0.0
VNM,62785.90815817924,63877.10709675722,64128.92223642908,62785.90815817924,1889300.0,0.0,2023-09-28,0.0
VNM,62282.27787883556,62953.78491796047,64128.92223642908,62282.27787883556,1403900.0,0.0,2023-09-29,0.0
VNM,63457.41519730415,62282.27787883556,63457.41519730415,62282.27787883556,1159900.0,0.0,2023-10-02,0.0
VNM,62114.40111905433,62618.03139839801,63037.72329785108,62030.462739163726,1993700.0,0.0,2023-10-03,0.0
VNM,62450.1546386168,61778.647599491866,62618.03139839801,61610.770839710654,1077900.0,0.0,2023-10-04,0.0
VNM,61023.20218047635,62198.33949894494,62450.1546386168,61023.20218047635,2571400.0,0.0,2023-10-05,0.0
VNM,62282.27787883556,61023.20218047635,62282.27787883556,60939.26380058573,1227000.0,0.0,2023-10-06,0.0
VNM,61862.58597938249,62114.40111905433,62198.33949894494,61778.647599491866,830900.0,0.0,2023-10-09,0.0
VNM,62450.1546386168,62366.21625872617,62953.78491796047,62114.40111905433,1023900.0,0.0,2023-10-10,0.0
VNM,62450.1546386168,62618.03139839801,62785.90815817924,62114.40111905433,1134400.0,0.0,2023-10-11,0.0
VNM,63373.47681741354,62534.0930185074,63709.230336976,62534.0930185074,2534800.0,0.0,2023-10-12,0.0
VNM,63625.29195708538,63289.538437522926,64044.98385653845,62953.78491796047,1487000.0,0.0,2023-10-13,0.0
VNM,63121.6616777417,63037.72329785108,63625.29195708538,62701.96977828863,1344400.0,0.0,2023-10-16,0.0
VNM,62785.90815817924,63205.60005763231,63877.10709675722,62785.90815817924,1421900.0,0.0,2023-10-17,0.0
VNM,62030.462739163726,62785.90815817924,62785.90815817924,60771.38704080451,2572400.0,0.0,2023-10-18,0.0
VNM,59932.00324189837,61610.770839710654,61610.770839710654,59512.3113424453,3904700.0,0.0,2023-10-19,0.0
VNM,60687.44866091389,59848.06486200776,60855.32542069512,58924.742683211,2371800.0,0.0,2023-10-20,0.0
VNM,58924.742683211,60183.81838157021,60435.63352124205,58840.80430332038,2725900.0,0.0,2023-10-23,0.0
VNM,59008.68106310161,58924.742683211,59428.37296255469,58840.80430332038,1099500.0,0.0,2023-10-24,0.0
VNM,57917.48212452363,59008.68106310161,59428.37296255469,57917.48212452363,2423700.0,0.0,2023-10-25,0.0
VNM,56238.71452671135,57497.79022507056,57581.72860496117,55315.3923479146,5201700.0,0.0,2023-10-26,0.0
VNM,57078.098325617495,56490.5296663832,57078.098325617495,55902.96100714889,1811000.0,0.0,2023-10-27,0.0
VNM,56742.34480605503,56994.15994572688,57078.098325617495,56322.65290660196,1047000.0,0.0,2023-10-30,0.0
VNM,57078.098325617495,56994.15994572688,58337.1740239767,56742.34480605503,2183600.0,0.0,2023-10-31,0.0
VNM,59092.61944299223,57917.48212452363,59176.55782288284,56994.15994572688,2337200.0,0.0,2023-11-01,0.0
VNM,59512.3113424453,59176.55782288284,59512.3113424453,58588.98916364854,2390200.0,0.0,2023-11-02,0.0
VNM,58756.865923429774,59512.3113424453,59512.3113424453,58588.98916364854,1692700.0,0.0,2023-11-03,0.0
VNM,59596.24972233591,58924.742683211,60015.94162178898,58840.80430332038,1136800.0,0.0,2023-11-06,0.0
VNM,59428.37296255469,59176.55782288284,59428.37296255469,58588.98916364854,1474700.0,0.0,2023-11-07,0.0
VNM,59932.00324189837,59428.37296255469,60015.94162178898,58588.98916364854,2339600.0,0.0,2023-11-08,0.0
VNM,59344.43458266407,60099.8800016796,60519.57190113266,59344.43458266407,3420100.0,0.0,2023-11-09,0.0
VNM,58421.11240386732,59428.37296255469,59428.37296255469,58421.11240386732,2833100.0,0.0,2023-11-10,0.0
VNM,57665.6669848518,58505.05078375793,58756.865923429774,57581.72860496117,1730800.0,0.0,2023-11-13,0.0
VNM,57833.54374463303,57917.48212452363,58253.2356440861,57245.97508539873,2996000.0,0.0,2023-11-14,0.0
VNM,59344.43458266407,58756.865923429774,60267.75676146083,58756.865923429774,3949400.0,0.0,2023-11-15,0.0
VNM,59008.68106310161,59260.49620277345,59848.06486200776,58672.92754353916,2338200.0,0.0,2023-11-16,0.0
VNM,58756.865923429774,59596.24972233591,59680.18810222652,58085.35888430486,2335800.0,0.0,2023-11-17,0.0
VNM,58169.29726419547,58085.35888430486,58672.92754353916,57917.48212452363,1770000.0,0.0,2023-11-20,0.0
VNM,58337.1740239767,58253.2356440861,58588.98916364854,57833.54374463303,2959800.0,0.0,2023-11-21,0.0
VNM,58253.2356440861,58337.1740239767,58924.742683211,57917.48212452363,1302200.0,0.0,2023-11-22,0.0
VNM,57665.6669848518,58588.98916364854,58672.92754353916,57665.6669848518,1623100.0,0.0,2023-11-23,0.0
VNM,57329.91346528933,57581.72860496117,57833.54374463303,56742.34480605503,3128900.0,0.0,2023-11-24,0.0
VNM,57162.0367055081,57329.91346528933,57413.851845179954,56994.15994572688,1333300.0,0.0,2023-11-27,0.0
VNM,57497.79022507056,57162.0367055081,57497.79022507056,56658.40642616442,1775600.0,0.0,2023-11-28,0.0
VNM,57413.851845179954,57497.79022507056,57749.6053647424,57245.97508539873,1262500.0,0.0,2023-11-29,0.0
VNM,56574.46804627382,57413.851845179954,57665.6669848518,56574.46804627382,2581600.0,0.0,2023-11-30,0.0
VNM,57413.851845179954,57078.098325617495,57497.79022507056,56826.28318594566,1391800.0,0.0,2023-12-01,0.0
VNM,57749.6053647424,57497.79022507056,58337.1740239767,57413.851845179954,3006800.0,0.0,2023-12-04,0.0
VNM,57162.0367055081,57749.6053647424,57917.48212452363,57078.098325617495,2302100.0,0.0,2023-12-05,0.0
VNM,57497.79022507056,57162.0367055081,57581.72860496117,57162.0367055081,1606600.0,0.0,2023-12-06,0.0
VNM,57413.851845179954,57749.6053647424,57749.6053647424,56658.40642616442,3874400.0,0.0,2023-12-07,0.0
VNM,57917.48212452363,57413.851845179954,58169.29726419547,57078.098325617495,3729400.0,0.0,2023-12-08,0.0
VNM,58756.865923429774,59176.55782288284,59176.55782288284,58672.92754353916,4734500.0,0.0,2023-12-11,0.0
VNM,58253.2356440861,58756.865923429774,58840.80430332038,57917.48212452363,2788700.0,0.0,2023-12-12,0.0
VNM,57245.97508539873,58421.11240386732,58505.05078375793,57162.0367055081,4511000.0,0.0,2023-12-13,0.0
VNM,57413.851845179954,57413.851845179954,57833.54374463303,57245.97508539873,1462000.0,0.0,2023-12-14,0.0
VNM,57162.0367055081,57497.79022507056,57581.72860496117,57162.0367055081,3739700.0,0.0,2023-12-15,0.0
VNM,56238.71452671135,57162.0367055081,57245.97508539873,56238.71452671135,3513100.0,0.0,2023-12-18,0.0
VNM,56238.71452671135,56322.65290660196,56574.46804627382,55651.145867477055,3061900.0,0.0,2023-12-19,0.0
VNM,57162.0367055081,56238.71452671135,57245.97508539873,56238.71452671135,2603900.0,0.0,2023-12-20,0.0
VNM,56910.22156583626,56994.15994572688,57329.91346528933,56910.22156583626,2585900.0,0.0,2023-12-21,0.0
VNM,56742.34480605503,56910.22156583626,57162.0367055081,56658.40642616442,2145700.0,0.0,2023-12-22,0.0
VNM,56994.15994572688,56742.34480605503,57665.6669848518,56742.34480605503,2672700.0,0.0,2023-12-25,0.0
VNM,57078.098325617495,57329.91346528933,57497.79022507056,57078.098325617495,1975400.0,0.0,2023-12-26,0.0
VNM,57078.0983251978,57500.899053532594,57670.01934486652,57078.0983251978,1626400.0,0.0,2023-12-27,0.0
VNM,57923.69978186739,57078.0983251978,57923.69978186739,57078.0983251978,2408700.0,0.0,2023-12-28,0.0
VNM,57162.65847086475,58092.820073201314,58092.820073201314,57162.65847086475,1954700.0,0.0,2023-12-29,0.0
VNM,57754.57949053347,57670.01934486652,57923.69978186739,57416.33890786564,2142800.0,0.0,2024-01-02,0.0
VNM,58346.50051020219,57839.13963620044,58346.50051020219,57500.899053532594,1889800.0,0.0,2024-01-03,0.0
VNM,58346.50051020219,58431.06065586914,58769.30123853699,58346.50051020219,3401500.0,0.0,2024-01-04,0.0
VNM,58177.38021886827,58600.180947203065,58600.180947203065,57923.69978186739,1475700.0,0.0,2024-01-05,0.0
VNM,57670.01934486652,58346.50051020219,58431.06065586914,57670.01934486652,2396400.0,0.0,2024-01-08,0.0
VNM,57585.45919919955,57670.01934486652,57923.69978186739,57500.899053532594,2460400.0,0.0,2024-01-09,0.0
VNM,57078.0983251978,57585.45919919955,57585.45919919955,56993.53817953084,3006600.0,0.0,2024-01-10,0.0
VNM,57416.33890786564,57078.0983251978,57923.69978186739,57078.0983251978,2083900.0,0.0,2024-01-11,0.0
VNM,56824.41788819692,57162.65847086475,57416.33890786564,56655.29759686299,3283000.0,0.0,2024-01-12,0.0
VNM,56655.29759686299,56824.41788819692,57078.0983251978,56655.29759686299,2226700.0,0.0,2024-01-15,0.0
VNM,56993.53817953084,56655.29759686299,56993.53817953084,56401.61715986212,2072400.0,0.0,2024-01-16,0.0
VNM,56739.85774252995,57078.0983251978,57416.33890786564,56655.29759686299,1826400.0,0.0,2024-01-17,0.0
VNM,56993.53817953084,56908.978033863874,57331.77876219867,56908.978033863874,1228400.0,0.0,2024-01-18,0.0
VNM,57500.899053532594,56993.53817953084,58008.259927534345,56993.53817953084,2619900.0,0.0,2024-01-19,0.0
VNM,57754.57949053347,57500.899053532594,58092.820073201314,57500.899053532594,1959800.0,0.0,2024-01-22,0.0
VNM,57247.21861653172,57754.57949053347,57754.57949053347,57162.65847086475,2112000.0,0.0,2024-01-23,0.0
VNM,56908.978033863874,57331.77876219867,57500.899053532594,56824.41788819692,2083500.0,0.0,2024-01-24,0.0
VNM,56570.73745119604,56993.53817953084,57078.0983251978,56570.73745119604,2660500.0,0.0,2024-01-25,0.0
VNM,56655.29759686299,56655.29759686299,57078.0983251978,56655.29759686299,1675800.0,0.0,2024-01-26,0.0
VNM,56655.29759686299,56739.85774252995,56908.978033863874,56570.73745119604,1732800.0,0.0,2024-01-29,0.0
VNM,56570.73745119604,56908.978033863874,56908.978033863874,56570.73745119604,1790400.0,0.0,2024-01-30,0.0
VNM,56655.29759686299,56824.41788819692,57670.01934486652,56570.73745119604,4020100.0,0.0,2024-01-31,0.0
VNM,57078.0983251978,56824.41788819692,57331.77876219867,56824.41788819692,2499300.0,0.0,2024-02-01,0.0
VNM,56993.53817953084,57078.0983251978,57247.21861653172,56655.29759686299,2611300.0,0.0,2024-02-02,0.0
VNM,57500.899053532594,56993.53817953084,57670.01934486652,56824.41788819692,3565900.0,0.0,2024-02-05,0.0
VNM,57162.65847086475,57585.45919919955,57670.01934486652,57162.65847086475,2392800.0,0.0,2024-02-06,0.0
VNM,57162.65847086475,57162.65847086475,57416.33890786564,56824.41788819692,2736300.0,0.0,2024-02-07,0.0
VNM,57162.65847086475,57162.65847086475,57500.899053532594,56824.41788819692,3876600.0,0.0,2024-02-15,0.0
VNM,59192.101966871785,57331.77876219867,59445.78240387266,57078.0983251978,11114600.0,0.0,2024-02-16,0.0
VNM,60798.74473454402,59953.14327787444,61390.665754212736,59784.022986540505,6652800.0,0.0,2024-02-19,0.0
VNM,60460.50415187618,60629.62444321011,61221.54546287882,60291.38386054226,4385700.0,0.0,2024-02-20,0.0
VNM,60291.38386054226,60460.50415187618,60798.74473454402,60037.70342354138,3590200.0,0.0,2024-02-21,0.0
VNM,60545.06429754313,60291.38386054226,61475.2258998797,60122.263569208335,4648100.0,0.0,2024-02-22,0.0
VNM,60037.70342354138,60714.18458887706,61475.2258998797,60037.70342354138,6142500.0,0.0,2024-02-23,0.0
VNM,60037.70342354138,60037.70342354138,60629.62444321011,59784.022986540505,3048400.0,0.0,2024-02-26,0.0
VNM,60883.30488021098,60206.8237148753,61221.54546287882,60122.263569208335,5282500.0,0.0,2024-02-27,0.0
VNM,61052.425171544906,61221.54546287882,61390.665754212736,60460.50415187618,3419000.0,0.0,2024-02-28,0.0
VNM,60883.30488021098,61390.665754212736,61982.58677388145,60545.06429754313,6539800.0,0.0,2024-02-29,0.0
VNM,60460.50415187618,60967.86502587793,60967.86502587793,60206.8237148753,4397700.0,0.0,2024-03-01,0.0
VNM,60883.30488021098,60714.18458887706,61475.2258998797,60545.06429754313,5014600.0,0.0,2024-03-04,0.0
VNM,61728.90633688058,60883.30488021098,61728.90633688058,60629.62444321011,5440900.0,0.0,2024-03-05,0.0
VNM,60714.18458887706,61982.58677388145,62151.70706521538,60714.18458887706,4833900.0,0.0,2024-03-06,0.0
VNM,60883.30488021098,60629.62444321011,60967.86502587793,60291.38386054226,5067600.0,0.0,2024-03-07,0.0
VNM,59192.101966871785,60967.86502587793,61644.34619121362,59192.101966871785,7361000.0,0.0,2024-03-08,0.0
VNM,59445.78240387266,59614.90269520659,60291.38386054226,59192.101966871785,4208400.0,0.0,2024-03-11,0.0
VNM,59192.101966871785,59530.34254953963,59699.46284087354,59192.101966871785,3844000.0,0.0,2024-03-12,0.0
VNM,59868.58313220746,59276.66211253875,59953.14327787444,59192.101966871785,5642600.0,0.0,2024-03-13,0.0
VNM,59614.90269520659,60037.70342354138,60291.38386054226,59445.78240387266,5445400.0,0.0,2024-03-14,0.0
VNM,58929.67392959807,60043.17067536082,60043.17067536082,58844.02033377017,4851100.0,0.0,2024-03-15,0.0
VNM,58158.79156714694,58929.67392959807,59186.63471708178,57901.830779663214,6796400.0,0.0,2024-03-18,0.0
VNM,58073.13797131903,58672.71314211437,58672.71314211437,58073.13797131903,3164500.0,0.0,2024-03-19,0.0
VNM,58244.44516297485,58073.13797131903,58758.36673794226,57816.17718383532,3546900.0,0.0,2024-03-20,0.0
VNM,58587.05954628646,58415.75235463065,58672.71314211437,58158.79156714694,4906200.0,0.0,2024-03-21,0.0
VNM,58073.13797131903,58758.36673794226,58844.02033377017,58073.13797131903,6066700.0,0.0,2024-03-22,0.0
VNM,57644.86999217951,58158.79156714694,58415.75235463065,57473.562800523694,5450700.0,0.0,2024-03-25,0.0
VNM,57987.48437549113,57730.52358800742,58158.79156714694,57644.86999217951,2504200.0,0.0,2024-03-26,0.0
VNM,57987.48437549113,58244.44516297485,58244.44516297485,57816.17718383532,2634200.0,0.0,2024-03-27,0.0
VNM,57987.48437549113,57987.48437549113,58587.05954628646,57901.830779663214,4470700.0,0.0,2024-03-28,0.0
VNM,57901.830779663214,58587.05954628646,58587.05954628646,57816.17718383532,3484600.0,0.0,2024-03-29,0.0
VNM,57387.9092046958,57901.830779663214,57987.48437549113,57387.9092046958,4988000.0,0.0,2024-04-01,0.0
VNM,57644.86999217951,57387.9092046958,57730.52358800742,57130.94841721209,4322900.0,0.0,2024-04-02,0.0
VNM,57130.94841721209,57644.86999217951,57644.86999217951,57130.94841721209,5046100.0,0.0,2024-04-03,0.0
VNM,58415.75235463065,57130.94841721209,58587.05954628646,57130.94841721209,7472800.0,0.0,2024-04-04,0.0
VNM,58158.79156714694,58415.75235463065,58415.75235463065,57987.48437549113,4233800.0,0.0,2024-04-05,0.0
VNM,57387.9092046958,58244.44516297485,58244.44516297485,57302.2556088679,3666000.0,0.0,2024-04-08,0.0
VNM,57387.9092046958,57473.562800523694,57644.86999217951,57216.60201303999,2516000.0,0.0,2024-04-09,0.0
VNM,57216.60201303999,57473.562800523694,57644.86999217951,57216.60201303999,2765500.0,0.0,2024-04-10,0.0
VNM,57045.294821384174,57130.94841721209,57302.2556088679,56959.64122555628,2947700.0,0.0,2024-04-11,0.0
VNM,57130.94841721209,57216.60201303999,57473.562800523694,57045.294821384174,2509200.0,0.0,2024-04-12,0.0
VNM,55589.183692309816,57130.94841721209,57130.94841721209,55589.183692309816,5756100.0,0.0,2024-04-15,0.0
VNM,54818.30132985867,55589.183692309816,55674.837288137714,53961.76537157963,7128700.0,0.0,2024-04-16,0.0
VNM,54989.608521514485,55160.91571317029,55589.183692309816,54989.608521514485,4589800.0,0.0,2024-04-17,0.0
VNM,54989.608521514485,54989.608521514485,55160.91571317029,54218.726159063335,4516100.0,0.0,2024-04-19,0.0
VNM,54818.30132985867,55417.876500654005,55931.798075621424,54818.30132985867,2035200.0,0.0,2024-04-22,0.0
VNM,54390.03335071915,54989.608521514485,55075.26211734238,54133.07256323544,2014400.0,0.0,2024-04-23,0.0
VNM,54818.30132985867,54818.30132985867,55075.26211734238,54390.03335071915,2401300.0,0.0,2024-04-24,0.0
VNM,55417.876500654005,54818.30132985867,55503.5300964819,54732.64773403076,1916000.0,0.0,2024-04-25,0.0
VNM,55674.837288137714,55417.876500654005,56360.066054760944,55246.56930899819,2940600.0,0.0,2024-04-26,0.0
VNM,56017.45167144934,56017.45167144934,56103.10526727724,55589.183692309816,2563400.0,0.0,2024-05-02,0.0
VNM,56188.75886310513,56188.75886310513,56531.37324641676,56103.10526727724,1966400.0,0.0,2024-05-03,0.0
VNM,56360.066054760944,56360.066054760944,56873.98762972838,56103.10526727724,2261300.0,0.0,2024-05-06,0.0
VNM,58244.44516297485,56531.37324641676,58672.71314211437,56445.71965058886,8485900.0,0.0,2024-05-07,0.0
VNM,58158.79156714694,58244.44516297485,58244.44516297485,57473.562800523694,2964400.0,0.0,2024-05-08,0.0
VNM,57045.294821384174,58158.79156714694,58158.79156714694,57045.294821384174,2998000.0,0.0,2024-05-09,0.0
VNM,56959.64122555628,57130.94841721209,57816.17718383532,56617.02684224465,2418100.0,0.0,2024-05-10,0.0
VNM,56360.066054760944,57045.294821384174,57216.60201303999,56017.45167144934,2732500.0,0.0,2024-05-13,0.0
VNM,56959.64122555628,56445.71965058886,57387.9092046958,56445.71965058886,2433100.0,0.0,2024-05-14,0.0
VNM,57387.9092046958,57302.2556088679,57644.86999217951,57130.94841721209,3234900.0,0.0,2024-05-15,0.0
VNM,57559.21639635161,57473.562800523694,57987.48437549113,57387.9092046958,2911400.0,0.0,2024-05-16,0.0
VNM,57387.9092046958,57644.86999217951,58073.13797131903,57216.60201303999,4169000.0,0.0,2024-05-17,0.0
VNM,56873.98762972838,57473.562800523694,57901.830779663214,56873.98762972838,4920600.0,0.0,2024-05-20,0.0
VNM,56702.680438072566,56873.98762972838,57045.294821384174,56360.066054760944,3799500.0,0.0,2024-05-21,0.0
VNM,56360.066054760944,56873.98762972838,57130.94841721209,56360.066054760944,3618300.0,0.0,2024-05-22,0.0
VNM,57387.9092046958,56531.37324641676,57387.9092046958,56360.066054760944,2991400.0,0.0,2024-05-23,0.0
VNM,56531.37324641676,57130.94841721209,57302.2556088679,56274.412458933046,4104100.0,0.0,2024-05-24,0.0
VNM,56617.02684224465,56617.02684224465,57045.294821384174,56360.066054760944,2336600.0,0.0,2024-05-27,0.0
VNM,57216.60201303999,56788.334033900464,57644.86999217951,56617.02684224465,5347500.0,0.0,2024-05-28,0.0
VNM,56788.334033900464,57387.9092046958,57644.86999217951,56531.37324641676,3357900.0,0.0,2024-05-29,0.0
VNM,56274.412458933046,56617.02684224465,56702.680438072566,56103.10526727724,4412600.0,0.0,2024-05-30,0.0
VNM,56017.45167144934,56445.71965058886,56445.71965058886,55931.798075621424,4143400.0,0.0,2024-05-31,0.0
VNM,56617.02684224465,56360.066054760944,57045.294821384174,56274.412458933046,3190500.0,0.0,2024-06-03,0.0
VNM,56531.37324641676,56617.02684224465,57045.294821384174,56531.37324641676,2445200.0,0.0,2024-06-04,0.0
VNM,58672.71314211437,56702.680438072566,59272.288312909695,56702.680438072566,11865800.0,0.0,2024-06-05,0.0
VNM,57559.21639635161,59100.98112125388,59100.98112125388,57559.21639635161,4887800.0,0.0,2024-06-06,0.0
VNM,58073.13797131903,57901.830779663214,58758.36673794226,57816.17718383532,4127600.0,0.0,2024-06-07,0.0
VNM,57559.21639635161,58587.05954628646,58672.71314211437,57559.21639635161,4564100.0,0.0,2024-06-10,0.0
VNM,56959.64122555628,57730.52358800742,57816.17718383532,56873.98762972838,6177100.0,0.0,2024-06-11,0.0
VNM,57387.9092046958,56959.64122555628,57644.86999217951,56788.334033900464,3425100.0,0.0,2024-06-12,0.0
VNM,57302.2556088679,57387.9092046958,57730.52358800742,57216.60201303999,2803600.0,0.0,2024-06-13,0.0
VNM,56702.680438072566,57387.9092046958,57644.86999217951,56702.680438072566,4124200.0,0.0,2024-06-14,0.0
VNM,56531.37324641676,56788.334033900464,57045.294821384174,56531.37324641676,3617600.0,0.0,2024-06-17,0.0
VNM,56445.71965058886,56959.64122555628,56959.64122555628,56445.71965058886,2751700.0,0.0,2024-06-18,0.0
VNM,55931.798075621424,56531.37324641676,56531.37324641676,55760.49088396561,6155000.0,0.0,2024-06-19,0.0
VNM,56531.37324641676,56017.45167144934,57216.60201303999,55846.144479793526,4397100.0,0.0,2024-06-20,0.0
VNM,56531.37324641676,56959.64122555628,57473.562800523694,56531.37324641676,3967700.0,0.0,2024-06-21,0.0
VNM,56103.10526727724,56617.02684224465,57045.294821384174,55931.798075621424,3847700.0,0.0,2024-06-24,0.0
VNM,56103.10526727724,56360.066054760944,56702.680438072566,56103.10526727724,2433600.0,0.0,2024-06-25,0.0
VNM,55846.144479793526,56360.066054760944,56360.066054760944,55760.49088396561,2485100.0,0.0,2024-06-26,0.0
VNM,55931.798075621424,55846.144479793526,56188.75886310513,55760.49088396561,2708400.0,0.0,2024-06-27,0.0
VNM,56103.10526727724,56103.10526727724,56531.37324641676,55931.798075621424,2731700.0,0.0,2024-06-28,0.0
VNM,56531.37324641676,56360.066054760944,56531.37324641676,55931.798075621424,1909300.0,0.0,2024-07-01,0.0
VNM,56702.680438072566,56531.37324641676,56788.334033900464,56360.066054760944,2042800.0,0.0,2024-07-02,0.0
VNM,56702.680438072566,56702.680438072566,56788.334033900464,56531.37324641676,1332600.0,0.0,2024-07-03,0.0
VNM,56873.98762972838,56788.334033900464,57302.2556088679,56788.334033900464,2688900.0,0.0,2024-07-04,0.0
VNM,57559.21639635161,56873.98762972838,57816.17718383532,56873.98762972838,4180100.0,0.0,2024-07-05,0.0
VNM,57901.830779663214,57644.86999217951,57987.48437549113,57387.9092046958,4942400.0,0.0,2024-07-08,0.0
VNM,57816.17718383532,57901.830779663214,58073.13797131903,57559.21639635161,5045200.0,0.0,2024-07-09,0.0
VNM,57216.60201303999,57816.17718383532,58073.13797131903,57216.60201303999,3881700.0,0.0,2024-07-10,0.0
VNM,56788.334033900464,57302.2556088679,57387.9092046958,56788.334033900464,3787100.0,0.0,2024-07-11,0.0
VNM,56788.334033900464,56873.98762972838,57045.294821384174,56617.02684224465,2079900.0,0.0,2024-07-12,0.0
VNM,56702.680438072566,56788.334033900464,57302.2556088679,56702.680438072566,2155300.0,0.0,2024-07-15,0.0
VNM,56617.02684224465,56873.98762972838,57130.94841721209,56617.02684224465,2243700.0,0.0,2024-07-16,0.0
VNM,56274.412458933046,56702.680438072566,56959.64122555628,56188.75886310513,3464800.0,0.0,2024-07-17,0.0
VNM,56445.71965058886,56531.37324641676,56531.37324641676,56103.10526727724,2283000.0,0.0,2024-07-18,0.0
VNM,55931.798075621424,56445.71965058886,56445.71965058886,55760.49088396561,3392700.0,0.0,2024-07-19,0.0
VNM,56017.45167144934,55931.798075621424,56531.37324641676,55846.144479793526,2654800.0,0.0,2024-07-22,0.0
VNM,56445.71965058886,56188.75886310513,56788.334033900464,56103.10526727724,3777800.0,0.0,2024-07-23,0.0
VNM,56188.75886310513,56360.066054760944,56617.02684224465,56188.75886310513,3613500.0,0.0,2024-07-24,0.0
VNM,56188.75886310513,56188.75886310513,56274.412458933046,55931.798075621424,1957600.0,0.0,2024-07-25,0.0
VNM,56360.066054760944,56017.45167144934,56702.680438072566,56017.45167144934,2975400.0,0.0,2024-07-26,0.0
VNM,57559.21639635161,56702.680438072566,57901.830779663214,56445.71965058886,5781800.0,0.0,2024-07-29,0.0
VNM,57987.48437549113,57644.86999217951,58587.05954628646,57302.2556088679,6375600.0,0.0,2024-07-30,0.0
VNM,61327.97461277938,58672.71314211437,61670.588996091006,58672.71314211437,21144900.0,0.0,2024-07-31,0.0
VNM,60214.47786701664,61499.2818044352,61584.93540026311,60043.17067536082,8865800.0,0.0,2024-08-01,0.0
VNM,61242.321016951486,59957.51707953292,61584.93540026311,59957.51707953292,10290200.0,0.0,2024-08-02,0.0
VNM,59443.5955045655,60814.053037811966,60985.36022946777,58672.71314211437,12155500.0,0.0,2024-08-05,0.0
VNM,62270.16416688634,60214.47786701664,62784.08574185376,59957.51707953292,13496200.0,0.0,2024-08-06,0.0
VNM,63212.35372099328,62698.43214602586,63212.35372099328,62013.20337940263,10700700.0,0.0,2024-08-07,0.0
VNM,62270.16416688634,63298.00731682119,63726.27529596071,61841.89618774682,5811000.0,0.0,2024-08-08,0.0
VNM,62784.08574185376,62355.81776271424,62869.73933768167,62098.85697523053,4527500.0,0.0,2024-08-09,0.0
VNM,62527.12495437005,62784.08574185376,63726.27529596071,62355.81776271424,5804000.0,0.0,2024-08-12,0.0
VNM,63212.35372099328,62355.81776271424,63726.27529596071,62270.16416688634,6734400.0,0.0,2024-08-13,0.0
VNM,63383.660912649095,63383.660912649095,63469.31450847699,62784.08574185376,5456200.0,0.0,2024-08-14,0.0
VNM,63212.35372099328,63383.660912649095,63897.58248761651,63126.70012516538,4255800.0,0.0,2024-08-15,0.0
VNM,63212.35372099328,63383.660912649095,63469.31450847699,62698.43214602586,7392900.0,0.0,2024-08-16,0.0
VNM,65096.73282920717,63383.660912649095,65096.73282920717,63212.35372099328,7917900.0,0.0,2024-08-19,0.0
VNM,64754.118445895554,65096.73282920717,65268.04002086298,64497.15765841184,4177300.0,0.0,2024-08-20,0.0
VNM,64497.15765841184,64411.50406258395,65182.386425035074,64325.85046675603,3991000.0,0.0,2024-08-21,0.0
VNM,63554.9681043049,65096.73282920717,65096.73282920717,63041.046529337465,6025900.0,0.0,2024-08-22,0.0
VNM,64154.54327510024,64154.54327510024,64754.118445895554,63726.27529596071,3307600.0,0.0,2024-08-23,0.0
VNM,62869.73933768167,64154.54327510024,64240.19687092813,62784.08574185376,6324800.0,0.0,2024-08-26,0.0
VNM,62955.392933509575,62869.73933768167,63212.35372099328,62184.510571058425,4265800.0,0.0,2024-08-27,0.0
VNM,63298.00731682119,63041.046529337465,63383.660912649095,62698.43214602586,3352800.0,0.0,2024-08-28,0.0
VNM,62955.392933509575,63126.70012516538,63383.660912649095,62869.73933768167,2042900.0,0.0,2024-08-29,0.0
VNM,63298.00731682119,63041.046529337465,64068.88967927232,62869.73933768167,3675800.0,0.0,2024-08-30,0.0
VNM,63640.6217001328,62784.08574185376,63811.92889178861,62612.778550197945,2839100.0,0.0,2024-09-04,0.0
VNM,63983.23608344442,63640.6217001328,64582.81125423976,63469.31450847699,5841100.0,0.0,2024-09-05,0.0
VNM,64582.81125423976,64154.54327510024,64668.46485006765,64068.88967927232,3641800.0,0.0,2024-09-06,0.0
VNM,64068.88967927232,64325.85046675603,64325.85046675603,63554.9681043049,2638800.0,0.0,2024-09-09,0.0
VNM,64154.54327510024,64068.88967927232,64668.46485006765,63640.6217001328,3332400.0,0.0,2024-09-10,0.0
VNM,63897.58248761651,64068.88967927232,64325.85046675603,63298.00731682119,3165200.0,0.0,2024-09-11,0.0
VNM,63983.23608344442,64240.19687092813,64411.50406258395,63726.27529596071,2052100.0,0.0,2024-09-12,0.0
VNM,62441.47135854215,64068.88967927232,64068.88967927232,62441.47135854215,5347100.0,0.0,2024-09-13,0.0
VNM,61584.93540026311,62527.12495437005,62527.12495437005,61584.93540026311,4034700.0,0.0,2024-09-16,0.0
VNM,62869.73933768167,61670.588996091006,62869.73933768167,61413.62820860729,2390300.0,0.0,2024-09-17,0.0
VNM,62784.08574185376,63041.046529337465,63298.00731682119,62527.12495437005,2845300.0,0.0,2024-09-18,0.0
VNM,62784.08574185376,62784.08574185376,62955.392933509575,62527.12495437005,1572700.0,0.0,2024-09-19,0.0
VNM,62270.16416688634,62955.392933509575,63383.660912649095,62270.16416688634,5232400.0,0.0,2024-09-20,0.0
VNM,62441.47135854215,62612.778550197945,62698.43214602586,62184.510571058425,2930300.0,0.0,2024-09-23,0.0
VNM,62308.52287508972,62928.949134158895,62928.949134158895,62131.25822964138,2076500.0,0.0,2024-09-24,0.0
VNM,61688.09661602054,62308.52287508972,62397.155197813896,61688.09661602054,4520500.0,0.0,2024-09-25,0.0
VNM,62663.0521659864,61688.09661602054,63017.58145688306,61688.09661602054,3984100.0,0.0,2024-09-26,0.0
VNM,62928.949134158895,62751.68448871056,63106.21377960723,62663.0521659864,2968700.0,0.0,2024-09-27,0.0
VNM,62131.25822964138,62928.949134158895,62928.949134158895,62131.25822964138,2043500.0,0.0,2024-09-30,0.0
VNM,62131.25822964138,62219.89055236556,62663.0521659864,62131.25822964138,2040200.0,0.0,2024-10-01,0.0
VNM,62131.25822964138,62219.89055236556,62219.89055236556,61688.09661602054,2139900.0,0.0,2024-10-02,0.0
VNM,62308.52287508972,62219.89055236556,62485.787520538055,61953.99358419306,2948000.0,0.0,2024-10-03,0.0
VNM,60713.14106605471,62485.787520538055,62485.787520538055,60624.50874333055,6134000.0,0.0,2024-10-04,0.0
VNM,59472.28854791636,60890.405711503045,61422.19964784804,59472.28854791636,5986300.0,0.0,2024-10-07,0.0
VNM,60447.244097882205,59560.92087064053,60447.244097882205,59560.92087064053,2887600.0,0.0,2024-10-08,0.0
VNM,60092.71480698553,60535.87642060637,60801.77338877887,60092.71480698553,3527900.0,0.0,2024-10-09,0.0
VNM,60004.082484261366,60535.87642060637,60979.03803422721,60004.082484261366,2622600.0,0.0,2024-10-10,0.0
VNM,60004.082484261366,60358.61177515803,60447.244097882205,59826.81783881303,2370000.0,0.0,2024-10-11,0.0
VNM,59560.92087064053,60358.61177515803,60358.61177515803,59472.28854791636,2820500.0,0.0,2024-10-14,0.0
VNM,59206.39157974386,59560.92087064053,59738.18551608887,59117.7592570197,3073300.0,0.0,2024-10-15,0.0
VNM,59826.81783881303,59206.39157974386,60358.61177515803,59206.39157974386,2003900.0,0.0,2024-10-16,0.0
VNM,59915.45016153719,59915.45016153719,60181.347129709706,59649.55319336469,1655000.0,0.0,2024-10-17,0.0
VNM,59738.18551608887,59915.45016153719,60269.97945243387,59738.18551608887,1597500.0,0.0,2024-10-18,0.0
VNM,59649.55319336469,59738.18551608887,60181.347129709706,59560.92087064053,1860000.0,0.0,2024-10-21,0.0
VNM,59649.55319336469,59649.55319336469,60092.71480698553,59560.92087064053,2250400.0,0.0,2024-10-22,0.0
VNM,59649.55319336469,59649.55319336469,59915.45016153719,59560.92087064053,1635900.0,0.0,2024-10-23,0.0
VNM,60624.50874333055,59649.55319336469,61156.30267967555,59649.55319336469,4365000.0,0.0,2024-10-24,0.0
VNM,60269.97945243387,60801.77338877887,60801.77338877887,60181.347129709706,2170200.0,0.0,2024-10-25,0.0
VNM,59560.92087064053,60004.082484261366,60269.97945243387,59117.7592570197,2923300.0,0.0,2024-10-28,0.0
VNM,59383.6562251922,59649.55319336469,59649.55319336469,59206.39157974386,2030600.0,0.0,2024-10-29,0.0
VNM,58763.22996612302,59383.6562251922,59649.55319336469,58763.22996612302,3431700.0,0.0,2024-10-30,0.0
VNM,58585.96532067468,59029.12693429552,59029.12693429552,57876.90673888134,5170700.0,0.0,2024-10-31,0.0
VNM,58320.06835250218,58585.96532067468,58763.22996612302,58142.80370705384,2178000.0,0.0,2024-11-01,0.0
VNM,58142.80370705384,58408.70067522636,59029.12693429552,58142.80370705384,2118800.0,0.0,2024-11-04,0.0
VNM,58054.17138432968,58231.43602977802,58497.33299795052,58054.17138432968,1060900.0,0.0,2024-11-05,0.0
VNM,58320.06835250218,58497.33299795052,58497.33299795052,57876.90673888134,2594600.0,0.0,2024-11-06,0.0
VNM,58408.70067522636,58497.33299795052,58674.59764339886,58142.80370705384,1152300.0,0.0,2024-11-07,0.0
VNM,58231.43602977802,58497.33299795052,58674.59764339886,58142.80370705384,1592400.0,0.0,2024-11-08,0.0
VNM,57788.27441615719,58231.43602977802,58320.06835250218,57345.11280253635,2737600.0,0.0,2024-11-11,0.0
VNM,57522.37744798468,57788.27441615719,58231.43602977802,57433.74512526051,1729600.0,0.0,2024-11-12,0.0
VNM,57611.00977070885,57699.64209343301,58142.80370705384,57345.11280253635,2770700.0,0.0,2024-11-13,0.0
VNM,57611.00977070885,57611.00977070885,57611.00977070885,57345.11280253635,1779900.0,0.0,2024-11-14,0.0
VNM,56458.78957529467,57522.37744798468,57522.37744798468,56458.78957529467,3688300.0,0.0,2024-11-15,0.0
VNM,56015.62796167384,56458.78957529467,56901.95118891551,56015.62796167384,3747000.0,0.0,2024-11-18,0.0
VNM,55838.3633162255,56104.260284398,56281.52492984633,55838.3633162255,2733600.0,0.0,2024-11-19,0.0
VNM,56370.1572525705,55838.3633162255,56547.42189801883,55749.73099350133,2818000.0,0.0,2024-11-20,0.0
VNM,56636.054220743004,56458.78957529467,56813.31886619134,56192.892607122165,2253500.0,0.0,2024-11-21,0.0
VNM,56990.58351163967,56636.054220743004,57433.74512526051,56636.054220743004,2176700.0,0.0,2024-11-22,0.0
VNM,56990.58351163967,56990.58351163967,57256.48047981217,56901.95118891551,2446600.0,0.0,2024-11-25,0.0
VNM,57433.74512526051,57167.84815708801,57611.00977070885,57079.21583436384,1675600.0,0.0,2024-11-26,0.0
VNM,57256.48047981217,57433.74512526051,57611.00977070885,57167.84815708801,1586400.0,0.0,2024-11-27,0.0
VNM,57167.84815708801,57611.00977070885,57611.00977070885,57167.84815708801,1273300.0,0.0,2024-11-28,0.0
VNM,57256.48047981217,57167.84815708801,57433.74512526051,56990.58351163967,1105500.0,0.0,2024-11-29,0.0
VNM,57167.84815708801,57256.48047981217,57433.74512526051,56901.95118891551,1229100.0,0.0,2024-12-02,0.0
VNM,56636.054220743004,57256.48047981217,57256.48047981217,56636.054220743004,2425200.0,0.0,2024-12-03,0.0
VNM,56104.260284398,56547.42189801883,56636.054220743004,56104.260284398,2745800.0,0.0,2024-12-04,0.0
VNM,56990.58351163967,56281.52492984633,57345.11280253635,56015.62796167384,2218400.0,0.0,2024-12-05,0.0
VNM,56813.31886619134,57167.84815708801,57433.74512526051,56813.31886619134,1677900.0,0.0,2024-12-06,0.0
VNM,56813.31886619134,57167.84815708801,57167.84815708801,56724.68654346717,1762700.0,0.0,2024-12-09,0.0
VNM,56636.054220743004,56813.31886619134,57079.21583436384,56636.054220743004,1711000.0,0.0,2024-12-10,0.0
VNM,56901.95118891551,56636.054220743004,57256.48047981217,56636.054220743004,2024600.0,0.0,2024-12-11,0.0
VNM,57256.48047981217,56901.95118891551,57522.37744798468,56901.95118891551,2249800.0,0.0,2024-12-12,0.0
VNM,56901.95118891551,56990.58351163967,57167.84815708801,56813.31886619134,1396700.0,0.0,2024-12-13,0.0
VNM,57611.00977070885,56901.95118891551,57788.27441615719,56901.95118891551,2387600.0,0.0,2024-12-16,0.0
VNM,57256.48047981217,57522.37744798468,57611.00977070885,57167.84815708801,1204000.0,0.0,2024-12-17,0.0
VNM,57345.11280253635,57611.00977070885,57699.64209343301,57345.11280253635,1614100.0,0.0,2024-12-18,0.0
VNM,56636.054220743004,57079.21583436384,57167.84815708801,56636.054220743004,2626900.0,0.0,2024-12-19,0.0
VNM,57611.00977070885,56724.68654346717,57611.00977070885,56724.68654346717,3799600.0,0.0,2024-12-20,0.0
VNM,57079.21583436384,57345.11280253635,57611.00977070885,56990.58351163967,1347800.0,0.0,2024-12-23,0.0
VNM,56990.58351163967,57079.21583436384,57345.11280253635,56813.31886619134,1287000.0,0.0,2024-12-24,0.0
VNM,57079.21583436384,57079.21583436384,57522.37744798468,57079.21583436384,1302500.0,0.0,2024-12-25,0.0
VNM,56989.88998603197,57347.19337152435,57347.19337152435,56989.88998603197,1708800.0,0.0,2024-12-26,0.0
VNM,56989.88998603197,57079.21583240507,57257.86752515125,56900.56413965889,2443700.0,0.0,2024-12-27,0.0
VNM,56543.26075416653,56811.238293285794,56900.56413965889,56543.26075416653,1490800.0,0.0,2024-12-30,0.0
VNM,56632.58660053962,56632.58660053962,56989.88998603197,56543.26075416653,1641900.0,0.0,2024-12-31,0.0
VNM,56364.60906142035,56811.238293285794,56989.88998603197,56364.60906142035,1336600.0,0.0,2025-01-02,0.0
VNM,56275.28321504725,56453.93490779344,56543.26075416653,56185.95736867416,1776700.0,0.0,2025-01-03,0.0
VNM,55828.65398318179,56275.28321504725,56453.93490779344,55828.65398318179,2103500.0,0.0,2025-01-06,0.0
VNM,55114.047212197074,55917.97982955489,56275.28321504725,55024.72136582398,2802100.0,0.0,2025-01-07,0.0
VNM,55114.047212197074,55382.02475131634,55471.35059768944,54667.41798033162,2053300.0,0.0,2025-01-08,0.0
VNM,55203.37305857016,55203.37305857016,55292.69890494325,54756.743826704704,1500000.0,0.0,2025-01-09,0.0
VNM,54756.743826704704,55114.047212197074,55292.69890494325,54756.743826704704,1189800.0,0.0,2025-01-10,0.0
VNM,54846.0696730778,54667.41798033162,55292.69890494325,54578.092133958526,1101700.0,0.0,2025-01-13,0.0
VNM,55024.72136582398,54846.0696730778,55203.37305857016,54756.743826704704,1147600.0,0.0,2025-01-14,0.0
VNM,55114.047212197074,55471.35059768944,55650.002290435616,55114.047212197074,1216400.0,0.0,2025-01-15,0.0
VNM,55292.69890494325,55650.002290435616,55917.97982955489,55114.047212197074,1684500.0,0.0,2025-01-16,0.0
VNM,55382.02475131634,55560.67644406253,55560.67644406253,55382.02475131634,889400.0,0.0,2025-01-17,0.0
VNM,55292.69890494325,55382.02475131634,55560.67644406253,55024.72136582398,1633600.0,0.0,2025-01-20,0.0
VNM,55203.37305857016,55382.02475131634,55471.35059768944,55024.72136582398,1403900.0,0.0,2025-01-21,0.0
VNM,55024.72136582398,55382.02475131634,55382.02475131634,55024.72136582398,1760900.0,0.0,2025-01-22,0.0
VNM,55382.02475131634,55024.72136582398,55650.002290435616,55024.72136582398,1781300.0,0.0,2025-01-23,0.0
VNM,55560.67644406253,55292.69890494325,55828.65398318179,55203.37305857016,1576400.0,0.0,2025-01-24,0.0
VNM,54042.137055719984,55560.67644406253,55560.67644406253,54042.137055719984,7279900.0,0.0,2025-02-03,0.0
VNM,53774.15951660071,54131.462902093066,54399.44044121234,53595.507823854525,7125000.0,0.0,2025-02-04,0.0
VNM,54935.395519450896,53952.81120934689,54935.395519450896,53952.81120934689,3198100.0,0.0,2025-02-05,0.0
VNM,54220.78874846616,54935.395519450896,55024.72136582398,54042.137055719984,3024800.0,0.0,2025-02-06,0.0
VNM,54310.11459483925,54220.78874846616,54667.41798033162,54131.462902093066,2552300.0,0.0,2025-02-07,0.0
VNM,54131.462902093066,54667.41798033162,54667.41798033162,54131.462902093066,2592100.0,0.0,2025-02-10,0.0
VNM,53952.81120934689,54131.462902093066,54220.78874846616,53684.83367022762,3433800.0,0.0,2025-02-11,0.0
VNM,54488.76628758544,54131.462902093066,54488.76628758544,54042.137055719984,2756600.0,0.0,2025-02-12,0.0
VNM,54220.78874846616,54488.76628758544,54488.76628758544,53952.81120934689,2576800.0,0.0,2025-02-13,0.0
VNM,53863.4853629738,54220.78874846616,54220.78874846616,53863.4853629738,6401800.0,0.0,2025-02-14,0.0
VNM,53595.507823854525,53952.81120934689,54131.462902093066,53595.507823854525,3612400.0,0.0,2025-02-17,0.0
VNM,53863.4853629738,53952.81120934689,54042.137055719984,53595.507823854525,2436800.0,0.0,2025-02-18,0.0
VNM,54310.11459483925,53863.4853629738,54399.44044121234,53863.4853629738,3072700.0,0.0,2025-02-19,0.0
VNM,54220.78874846616,54399.44044121234,54399.44044121234,54131.462902093066,2627900.0,0.0,2025-02-20,0.0
VNM,54846.0696730778,54310.11459483925,55471.35059768944,54131.462902093066,4717200.0,0.0,2025-02-21,0.0
VNM,56989.88998603197,55024.72136582398,57079.21583240507,55024.72136582398,11512800.0,0.0,2025-02-24,0.0
VNM,56185.95736867416,57168.541678778165,57168.541678778165,55917.97982955489,3884200.0,0.0,2025-02-25,0.0
VNM,56364.60906142035,56275.28321504725,56632.58660053962,56185.95736867416,3636600.0,0.0,2025-02-26,0.0
VNM,55560.67644406253,56453.93490779344,56453.93490779344,55560.67644406253,3520600.0,0.0,2025-02-27,0.0
VNM,55560.67644406253,55650.002290435616,56453.93490779344,55560.67644406253,4175600.0,0.0,2025-02-28,0.0
VNM,56453.93490779344,56096.63152230107,56453.93490779344,55650.002290435616,3610600.0,0.0,2025-03-03,0.0
VNM,56721.91244691271,56453.93490779344,56989.88998603197,56185.95736867416,6042000.0,0.0,2025-03-04,0.0
VNM,56007.30567592798,56811.238293285794,56811.238293285794,56007.30567592798,2275500.0,0.0,2025-03-05,0.0
VNM,56185.95736867416,56007.30567592798,56185.95736867416,55560.67644406253,3125600.0,0.0,2025-03-06,0.0
VNM,56007.30567592798,56185.95736867416,56275.28321504725,55739.32813680871,2655600.0,0.0,2025-03-07,0.0
VNM,55828.65398318179,56275.28321504725,56275.28321504725,55828.65398318179,2529500.0,0.0,2025-03-10,0.0
VNM,55739.32813680871,55650.002290435616,55828.65398318179,55471.35059768944,2287600.0,0.0,2025-03-11,0.0
VNM,55560.67644406253,55828.65398318179,56096.63152230107,55560.67644406253,2755400.0,0.0,2025-03-12,0.0
VNM,55382.02475131634,55650.002290435616,56185.95736867416,55292.69890494325,5100400.0,0.0,2025-03-13,0.0
VNM,55471.35059768944,55739.32813680871,56007.30567592798,55471.35059768944,2696700.0,0.0,2025-03-14,0.0
VNM,56275.28321504725,55739.32813680871,56632.58660053962,55739.32813680871,4062100.0,0.0,2025-03-17,0.0
VNM,55828.65398318179,56364.60906142035,56364.60906142035,55828.65398318179,3281900.0,0.0,2025-03-18,0.0
VNM,55650.002290435616,56007.30567592798,56096.63152230107,55292.69890494325,3038400.0,0.0,2025-03-19,0.0
VNM,55203.37305857016,55560.67644406253,55560.67644406253,54756.743826704704,3888200.0,0.0,2025-03-20,0.0
VNM,54756.743826704704,55203.37305857016,55203.37305857016,54667.41798033162,3325900.0,0.0,2025-03-21,0.0
VNM,54846.0696730778,54846.0696730778,55382.02475131634,54578.092133958526,2488900.0,0.0,2025-03-24,0.0
VNM,54846.0696730778,55114.047212197074,55114.047212197074,54667.41798033162,2323000.0,0.0,2025-03-25,0.0
VNM,54667.41798033162,54935.395519450896,55292.69890494325,54667.41798033162,1846000.0,0.0,2025-03-26,0.0
VNM,54578.092133958526,54667.41798033162,54935.395519450896,54578.092133958526,2230500.0,0.0,2025-03-27,0.0
VNM,53863.4853629738,54488.76628758544,54578.092133958526,53774.15951660071,5430100.0,0.0,2025-03-28,0.0
VNM,54131.462902093066,54310.11459483925,55024.72136582398,54131.462902093066,5301500.0,0.0,2025-03-31,0.0
VNM,54310.11459483925,54667.41798033162,54667.41798033162,53863.4853629738,3129300.0,0.0,2025-04-01,0.0
VNM,54042.137055719984,54220.78874846616,54846.0696730778,54042.137055719984,4684400.0,0.0,2025-04-02,0.0
VNM,50469.10320079634,53148.87859198907,53238.20443836217,50290.45150805016,16938200.0,0.0,2025-04-03,0.0
VNM,52255.62012825817,48235.95704146907,52523.59766737743,48057.30534872289,9776600.0,0.0,2025-04-04,0.0
VNM,48682.58627333453,50647.75489354254,50826.40658628871,48682.58627333453,13324100.0,0.0,2025-04-08,0.0
VNM,46449.44011400725,45913.48503576871,49307.867197946165,45913.48503576871,9882600.0,0.0,2025-04-09,0.0
VNM,49665.17058343853,49665.17058343853,49665.17058343853,49665.17058343853,1514300.0,0.0,2025-04-10,0.0
VNM,51362.361664527256,49665.17058343853,52166.29428188507,49665.17058343853,9164400.0,0.0,2025-04-11,0.0
VNM,50826.40658628871,51719.66505001961,51719.66505001961,50469.10320079634,5479700.0,0.0,2025-04-14,0.0
VNM,50290.45150805016,50647.75489354254,51362.361664527256,50290.45150805016,4163500.0,0.0,2025-04-15,0.0
VNM,50022.47396893089,50379.777354423255,51094.38412540798,50022.47396893089,3735600.0,0.0,2025-04-16,0.0
VNM,50022.47396893089,49575.84473706544,50558.42904716944,48950.5638124538,7219000.0,0.0,2025-04-17,0.0
VNM,50558.42904716944,50647.75489354254,51183.70997178107,50558.42904716944,3037200.0,0.0,2025-04-18,0.0
VNM,50647.75489354254,50737.08073991562,51005.05827903489,50469.10320079634,3021400.0,0.0,2025-04-21,0.0
VNM,50022.47396893089,50558.42904716944,50558.42904716944,48146.63119509599,6952000.0,0.0,2025-04-22,0.0
VNM,50379.777354423255,50737.08073991562,51183.70997178107,50379.777354423255,3586000.0,0.0,2025-04-23,0.0
VNM,50290.45150805016,50469.10320079634,50737.08073991562,50201.12566167708,1956400.0,0.0,2025-04-24,0.0
VNM,52076.96843551198,50469.10320079634,52076.96843551198,50469.10320079634,8119700.0,0.0,2025-04-25,0.0
VNM,51362.361664527256,52076.96843551198,52076.96843551198,51362.361664527256,2664700.0,0.0,2025-04-28,0.0
VNM,51451.68751090035,51362.361664527256,51719.66505001961,51094.38412540798,2556000.0,0.0,2025-04-29,0.0
VNM,50826.40658628871,51362.361664527256,51451.68751090035,50826.40658628871,4238300.0,0.0,2025-05-05,0.0
VNM,50826.40658628871,50915.7324326618,51273.03581815416,50826.40658628871,2502600.0,0.0,2025-05-06,0.0
VNM,51094.38412540798,50826.40658628871,51541.01335727344,50826.40658628871,2905500.0,0.0,2025-05-07,0.0
VNM,51273.03581815416,51094.38412540798,51630.33920364652,51094.38412540798,3262200.0,0.0,2025-05-08,0.0
VNM,51541.01335727344,51541.01335727344,52344.94597463126,51541.01335727344,3832400.0,0.0,2025-05-09,0.0
VNM,52344.94597463126,51808.99089639271,52434.271821004346,51808.99089639271,5863100.0,0.0,2025-05-12,0.0
VNM,52255.62012825817,52612.92351375053,52702.24936012361,52076.96843551198,4352200.0,0.0,2025-05-13,0.0
VNM,51978.15665912813,52718.05924502319,52718.05924502319,51885.66883589125,5034700.0,0.0,2025-05-14,0.0
VNM,52533.08359854943,51978.15665912813,52718.05924502319,51978.15665912813,4092100.0,0.0,2025-05-15,0.0
VNM,51978.15665912813,52533.08359854943,52533.08359854943,51978.15665912813,3198400.0,0.0,2025-05-16,0.0
VNM,51793.18101265437,51978.15665912813,52718.05924502319,51793.18101265437,2795600.0,0.0,2025-05-19,0.0
VNM,51700.69318941748,51885.66883589125,52070.64448236501,51608.2053661806,3224100.0,0.0,2025-05-20,0.0
VNM,51238.25407323307,51793.18101265437,51793.18101265437,51238.25407323307,4464400.0,0.0,2025-05-21,0.0
VNM,50868.302780285536,51238.25407323307,51423.22971970683,50868.302780285536,2665200.0,0.0,2025-05-22,0.0
VNM,51145.76624999619,51053.27842675931,51330.741896469954,50960.79060352242,1666700.0,0.0,2025-05-23,0.0
VNM,51515.71754294372,51238.25407323307,51608.2053661806,50868.302780285536,2729200.0,0.0,2025-05-26,0.0
VNM,51238.25407323307,51700.69318941748,51793.18101265437,51145.76624999619,3680800.0,0.0,2025-05-27,0.0
VNM,51053.27842675931,51515.71754294372,51515.71754294372,50960.79060352242,3901700.0,0.0,2025-05-28,0.0
VNM,50960.79060352242,51330.741896469954,51330.741896469954,50960.79060352242,2182300.0,0.0,2025-05-29,0.0
VNM,50775.81495704865,51238.25407323307,51238.25407323307,50683.32713381176,3273900.0,0.0,2025-05-30,0.0
VNM,50498.351487338005,50775.81495704865,51053.27842675931,50405.863664101125,2644100.0,0.0,2025-06-02,0.0
VNM,51330.741896469954,50590.83931057489,51793.18101265437,50590.83931057489,4311900.0,0.0,2025-06-03,0.0
VNM,52625.57142178631,51608.2053661806,53457.96183091825,51330.741896469954,8419300.0,0.0,2025-06-04,0.0
VNM,52070.64448236501,52718.05924502319,52810.54706826008,52070.64448236501,2794700.0,0.0,2025-06-05,0.0
VNM,51145.76624999619,52163.13230560189,52163.13230560189,50960.79060352242,4122400.0,0.0,2025-06-06,0.0
VNM,51145.76624999619,51238.25407323307,52070.64448236501,51145.76624999619,3035700.0,0.0,2025-06-09,0.0
VNM,51145.76624999619,51330.741896469954,51885.66883589125,50960.79060352242,2999200.0,0.0,2025-06-10,0.0
VNM,51053.27842675931,51145.76624999619,51423.22971970683,50960.79060352242,1720700.0,0.0,2025-06-11,0.0
VNM,51700.69318941748,51423.22971970683,51978.15665912813,51330.741896469954,3282700.0,0.0,2025-06-12,0.0
VNM,51330.741896469954,51330.741896469954,51515.71754294372,51053.27842675931,3545400.0,0.0,2025-06-13,0.0
VNM,52070.64448236501,51238.25407323307,52348.10795207567,51238.25407323307,4734300.0,0.0,2025-06-16,0.0
VNM,51978.15665912813,52163.13230560189,52440.59577531255,51885.66883589125,3406400.0,0.0,2025-06-17,0.0
VNM,51793.18101265437,52070.64448236501,52533.08359854943,51793.18101265437,4098100.0,0.0,2025-06-18,0.0
VNM,51885.66883589125,51793.18101265437,52163.13230560189,51515.71754294372,2628700.0,0.0,2025-06-19,0.0
VNM,52348.10795207567,52070.64448236501,52440.59577531255,51700.69318941748,4661400.0,0.0,2025-06-20,0.0
VNM,51700.69318941748,51793.18101265437,52163.13230560189,51608.2053661806,3022700.0,0.0,2025-06-23,0.0
VNM,52163.13230560189,51978.15665912813,52255.620128838775,51885.66883589125,2803800.0,0.0,2025-06-24,0.0
VNM,52533.08359854943,52255.620128838775,53457.96183091825,52163.13230560189,6268200.0,0.0,2025-06-25,0.0
VNM,52163.13230560189,52533.08359854943,52718.05924502319,52070.64448236501,3118900.0,0.0,2025-06-26,0.0
VNM,53457.96183091825,52533.08359854943,54197.86441681332,52070.64448236501,8895400.0,0.0,2025-06-27,0.0
VNM,53642.93747739202,53735.42530062891,54290.35224005021,53550.449654155134,4487800.0,0.0,2025-06-30,0.0
VNM,53180.4983612076,54012.88877033955,54012.88877033955,52903.03489149696,4013600.0,0.0,2025-07-01,0.0
VNM,53365.474007681376,53272.98618444449,53642.93747739202,52995.52271473384,3775700.0,0.0,2025-07-02,0.0
VNM,53180.4983612076,53365.474007681376,54012.88877033955,52995.52271473384,5293100.0,0.0,2025-07-03,0.0
VNM,53457.96183091825,53180.4983612076,53550.449654155134,52995.52271473384,2696200.0,0.0,2025-07-04,0.0
VNM,53550.449654155134,53642.93747739202,53920.400947102666,53365.474007681376,3762300.0,0.0,2025-07-07,0.0
VNM,54567.81570976085,53642.93747739202,54752.791356234615,53550.449654155134,7163100.0,0.0,2025-07-08,0.0
VNM,55677.66958860344,54845.27917947149,56047.620881550974,54660.30353299773,9636900.0,0.0,2025-07-09,0.0
VNM,55215.23047241903,55955.13305831409,56047.620881550974,55215.23047241903,5246100.0,0.0,2025-07-10,0.0
VNM,55307.71829565591,55770.15741184032,56232.59652802473,55307.71829565591,6233200.0,0.0,2025-07-11,0.0
VNM,55770.15741184032,55492.69394212968,56232.59652802473,54845.27917947149,6083200.0,0.0,2025-07-14,0.0
VNM,55585.18176536656,56047.620881550974,56602.54782097227,55585.18176536656,6553200.0,0.0,2025-07-15,0.0
VNM,55585.18176536656,55492.69394212968,55677.66958860344,55122.74264918215,4961100.0,0.0,2025-07-16,0.0
VNM,55585.18176536656,55770.15741184032,56047.620881550974,55307.71829565591,6357800.0,0.0,2025-07-17,0.0
VNM,55677.66958860344,55585.18176536656,56510.05999773539,55492.69394212968,5826800.0,0.0,2025-07-18,0.0
VNM,55492.69394212968,55770.15741184032,56232.59652802473,55492.69394212968,5503300.0,0.0,2025-07-21,0.0
VNM,55677.66958860344,55492.69394212968,55677.66958860344,55030.25482594527,4735100.0,0.0,2025-07-22,0.0
VNM,57064.98693715669,55862.6452350772,57064.98693715669,55677.66958860344,9228600.0,0.0,2025-07-23,0.0
VNM,58914.74340189434,57434.93823010421,59192.20687160499,57434.93823010421,13421100.0,0.0,2025-07-24,0.0
VNM,58452.30428570993,59007.23122513122,59007.23122513122,58359.81646247304,5124000.0,0.0,2025-07-25,0.0
VNM,58544.79210894681,58544.79210894681,59099.7190483681,58267.32863923616,8462700.0,0.0,2025-07-28,0.0
VNM,58452.30428570993,58544.79210894681,59377.18251807876,58082.3529927624,10714200.0,0.0,2025-07-29,0.0
VNM,58174.84081599928,58267.32863923616,58729.76775542057,58082.3529927624,6078500.0,0.0,2025-07-30,0.0
VNM,56602.54782097227,58267.32863923616,58729.76775542057,55862.6452350772,10570300.0,0.0,2025-07-31,0.0
VNM,55492.69394212968,56787.52346744604,56787.52346744604,55492.69394212968,5329800.0,0.0,2025-08-01,0.0
VNM,55862.6452350772,55307.71829565591,56232.59652802473,55307.71829565591,3746300.0,0.0,2025-08-04,0.0
VNM,55585.18176536656,55955.13305831409,56880.01129068292,55492.69394212968,9564600.0,0.0,2025-08-05,0.0
VNM,56695.03564420915,55862.6452350772,57064.98693715669,55862.6452350772,5377500.0,0.0,2025-08-06,0.0
VNM,56325.08435126162,57249.96258363045,57342.45040686733,56232.59652802473,4741600.0,0.0,2025-08-07,0.0
VNM,56232.59652802473,56417.572174498506,57157.47476039356,56047.620881550974,6503200.0,0.0,2025-08-08,0.0
VNM,56880.01129068292,56417.572174498506,57434.93823010421,56325.08435126162,5787800.0,0.0,2025-08-11,0.0
VNM,57157.47476039356,57434.93823010421,57712.40169981487,56787.52346744604,5207000.0,0.0,2025-08-12,0.0
VNM,56510.05999773539,57342.45040686733,57434.93823010421,56232.59652802473,6210800.0,0.0,2025-08-13,0.0
VNM,57064.98693715669,56695.03564420915,57527.4260533411,56417.572174498506,6534600.0,0.0,2025-08-14,0.0
VNM,56417.572174498506,57342.45040686733,57527.4260533411,56417.572174498506,5660400.0,0.0,2025-08-15,0.0
VNM,56140.108704787854,56510.05999773539,56695.03564420915,56047.620881550974,4775600.0,0.0,2025-08-18,0.0
VNM,55955.13305831409,56232.59652802473,56602.54782097227,55862.6452350772,5257700.0,0.0,2025-08-19,0.0
VNM,55492.69394212968,55955.13305831409,56325.08435126162,55122.74264918215,6338200.0,0.0,2025-08-20,0.0
VNM,55585.18176536656,55585.18176536656,56325.08435126162,55122.74264918215,5810000.0,0.0,2025-08-21,0.0
VNM,54290.35224005021,55307.71829565591,55400.20611889279,54105.37659357644,7201500.0,0.0,2025-08-22,0.0
VNM,54290.35224005021,54475.32788652396,55122.74264918215,54290.35224005021,3360400.0,0.0,2025-08-25,0.0
VNM,55215.23047241903,54197.86441681332,55585.18176536656,54105.37659357644,2990300.0,0.0,2025-08-26,0.0
VNM,55955.13305831409,55215.23047241903,56602.54782097227,55030.25482594527,4849200.0,0.0,2025-08-27,0.0
VNM,56417.572174498506,56417.572174498506,56880.01129068292,56140.108704787854,3661100.0,0.0,2025-08-28,0.0
VNM,55770.15741184032,56695.03564420915,56695.03564420915,55770.15741184032,4166400.0,0.0,2025-08-29,0.0
VNM,56880.01129068292,55770.15741184032,56880.01129068292,55770.15741184032,4767300.0,0.0,2025-09-03,0.0
VNM,57157.47476039356,57064.98693715669,57804.88952305175,56880.01129068292,4228100.0,0.0,2025-09-04,0.0
VNM,56325.08435126162,57249.96258363045,57342.45040686733,56325.08435126162,5355900.0,0.0,2025-09-05,0.0
VNM,56047.620881550974,56325.08435126162,57249.96258363045,56047.620881550974,6958800.0,0.0,2025-09-08,0.0
VNM,55770.15741184032,56047.620881550974,56417.572174498506,55585.18176536656,3516800.0,0.0,2025-09-09,0.0
VNM,55307.71829565591,55955.13305831409,56047.620881550974,55215.23047241903,3120100.0,0.0,2025-09-10,0.0
VNM,56602.54782097227,55307.71829565591,56602.54782097227,54937.76700270837,4998900.0,0.0,2025-09-11,0.0
VNM,58452.30428570993,56695.03564420915,58729.76775542057,56417.572174498506,13670300.0,0.0,2025-09-12,0.0
VNM,58359.81646247304,58637.27993218369,58729.76775542057,58082.3529927624,3527500.0,0.0,2025-09-15,0.0
VNM,59839.62163426317,58729.76775542057,60487.03639692136,58452.30428570993,12673100.0,0.0,2025-09-16,0.0
VNM,60209.57292721069,59932.109457500046,61226.93898281641,59932.109457500046,9865800.0,0.0,2025-09-17,0.0
VNM,58822.25557865746,60209.57292721069,60394.54857368446,58729.76775542057,5050800.0,0.0,2025-09-18,0.0
VNM,57342.45040686733,59007.23122513122,59099.7190483681,57342.45040686733,5300500.0,0.0,2025-09-19,0.0
VNM,56787.52346744604,57434.93823010421,58082.3529927624,56787.52346744604,5285200.0,0.0,2025-09-22,0.0
VNM,56972.4991139198,56880.01129068292,57804.88952305175,56880.01129068292,3425100.0,0.0,2025-09-23,0.0
VNM,57342.45040686733,57249.96258363045,57342.45040686733,56417.572174498506,3214500.0,0.0,2025-09-24,0.0
VNM,56880.01129068292,57619.91387657797,57712.40169981487,56880.01129068292,2752800.0,0.0,2025-09-25,0.0
VNM,56510.05999773539,56880.01129068292,57157.47476039356,56510.05999773539,2489900.0,0.0,2025-09-26,0.0
VNM,55770.15741184032,56510.05999773539,56602.54782097227,55677.66958860344,5130400.0,0.0,2025-09-29,0.0
VNM,55492.69394212968,55862.6452350772,56232.59652802473,55492.69394212968,3030200.0,0.0,2025-09-30,0.0
VNM,57434.93823010421,56140.108704787854,57804.88952305175,55677.66958860344,4526400.0,0.0,2025-10-01,0.0
VNM,56602.54782097227,57804.88952305175,57897.37734628863,56602.54782097227,3398700.0,0.0,2025-10-02,0.0
VNM,56695.03564420915,56695.03564420915,57619.91387657797,56602.54782097227,3998500.0,0.0,2025-10-03,0.0
VNM,57712.40169981487,57989.86516952552,57989.86516952552,57157.47476039356,4051900.0,0.0,2025-10-06,0.0
VNM,56787.52346744604,57989.86516952552,57989.86516952552,56787.52346744604,3715300.0,0.0,2025-10-07,0.0
VNM,58637.27993218369,57619.91387657797,58729.76775542057,57064.98693715669,5919700.0,0.0,2025-10-08,0.0
VNM,58174.84081599928,58637.27993218369,58729.76775542057,57897.37734628863,3297300.0,0.0,2025-10-09,0.0
VNM,57712.40169981487,58637.27993218369,58637.27993218369,57712.40169981487,4972200.0,0.0,2025-10-10,0.0
VNM,59192.20687160499,57527.4260533411,59284.69469484187,57157.47476039356,6305000.0,0.0,2025-10-13,0.0
VNM,58729.76775542057,59562.15816455252,59562.15816455252,58544.79210894681,5359800.0,0.0,2025-10-14,0.0
VNM,58822.25557865746,59007.23122513122,59562.15816455252,58822.25557865746,4645400.0,0.0,2025-10-15,0.0
VNM,59257.9759876958,58870.66895509647,59257.9759876958,58289.7084061975,5158400.0,0.0,2025-10-16,0.0
VNM,56934.13379209988,59064.32247139613,59257.9759876958,56934.13379209988,6041500.0,0.0,2025-10-17,0.0
VNM,53254.71698240635,57030.96055024971,57515.09434099885,53254.71698240635,8737700.0,0.0,2025-10-20,0.0
VNM,54707.118354653794,54319.81132205448,56159.51972690124,54319.81132205448,7068100.0,0.0,2025-10-21,0.0
VNM,54513.464838354135,55288.07890355278,55481.73241985244,53932.50428945516,3846700.0,0.0,2025-10-22,0.0
VNM,54803.94511280362,54707.118354653794,55288.07890355278,54513.464838354135,2327300.0,0.0,2025-10-23,0.0
VNM,56256.34648505108,55094.42538725312,56256.34648505108,54319.81132205448,3959900.0,0.0,2025-10-24,0.0
VNM,55191.25214540295,56546.82675950056,56546.82675950056,55191.25214540295,2998800.0,0.0,2025-10-27,0.0
VNM,55578.559178002266,55384.90566170261,55578.559178002266,54997.59862910329,2079100.0,0.0,2025-10-28,0.0
VNM,55675.385936152095,55675.385936152095,56062.69296875141,55288.07890355278,1973000.0,0.0,2025-10-29,0.0
VNM,55288.07890355278,55965.86621060158,56062.69296875141,55191.25214540295,1905200.0,0.0,2025-10-30,0.0
VNM,55772.212694301925,55578.559178002266,55869.03945245176,55288.07890355278,2641500.0,0.0,2025-10-31,0.0
VNM,55481.73241985244,55869.03945245176,56450.00000135073,55481.73241985244,2642700.0,0.0,2025-11-03,0.0
VNM,55481.73241985244,55772.212694301925,56062.69296875141,54513.464838354135,4175200.0,0.0,2025-11-04,0.0
VNM,56159.51972690124,55481.73241985244,56643.65351765039,55288.07890355278,3831600.0,0.0,2025-11-05,0.0
VNM,56159.51972690124,56159.51972690124,56643.65351765039,55772.212694301925,2241200.0,0.0,2025-11-06,0.0
VNM,55772.212694301925,55772.212694301925,56546.82675950056,55675.385936152095,3251100.0,0.0,2025-11-07,0.0
VNM,55191.25214540295,55869.03945245176,56062.69296875141,55191.25214540295,2675800.0,0.0,2025-11-10,0.0
VNM,57030.96055024971,55191.25214540295,57127.78730839954,55191.25214540295,5152700.0,0.0,2025-11-11,0.0
VNM,57902.40137359817,56934.13379209988,58096.05488989784,56643.65351765039,5161900.0,0.0,2025-11-12,0.0
VNM,59838.93653659477,57902.40137359817,60032.59005289443,57805.57461544835,9741800.0,0.0,2025-11-13,0.0
VNM,60807.20411809307,59742.10977844495,61291.337908842215,59645.28302029512,10146900.0,0.0,2025-11-14,0.0
VNM,60129.41681104426,60904.0308762429,61291.337908842215,59838.93653659477,4198400.0,0.0,2025-11-17,0.0
VNM,58773.84219694664,60032.59005289443,60323.07032734392,58580.188680646985,5559900.0,0.0,2025-11-18,0.0
VNM,58967.4957132463,58773.84219694664,59935.7632947446,58580.188680646985,4458500.0,0.0,2025-11-19,0.0
VNM,58773.84219694664,59451.62950399546,59645.28302029512,58580.188680646985,2656100.0,0.0,2025-11-20,0.0
VNM,57999.22813174801,58386.53516434732,58773.84219694664,57805.57461544835,4191100.0,0.0,2025-11-21,0.0
VNM,61000.85763439273,58192.88164804767,61388.164666992045,58192.88164804767,9900300.0,0.0,2025-11-24,0.0
VNM,59935.7632947446,61000.85763439273,61194.51115069239,59935.7632947446,4907900.0,0.0,2025-11-25,0.0
VNM,60807.20411809307,60323.07032734392,61194.51115069239,60323.07032734392,3651000.0,0.0,2025-11-26,0.0
VNM,60032.59005289443,61000.85763439273,61388.164666992045,60032.59005289443,3962300.0,0.0,2025-11-27,0.0
VNM,61969.12521589103,60226.2435691941,62453.259006640175,60226.2435691941,11898300.0,0.0,2025-11-28,0.0
VNM,62840.5660392395,62259.60549034051,63808.8336207378,62259.60549034051,9107300.0,0.0,2025-12-01,0.0
VNM,62937.39279738932,62743.739281089656,63518.3533462883,62453.259006640175,6764300.0,0.0,2025-12-02,0.0
VNM,62550.08576479,63034.21955553914,63131.04631368898,61969.12521589103,5383600.0,0.0,2025-12-03,0.0
VNM,61388.164666992045,62937.39279738932,63034.21955553914,61388.164666992045,5918000.0,0.0,2025-12-04,0.0
VNM,61388.164666992045,61581.81818329171,62453.259006640175,61388.164666992045,3598900.0,0.0,2025-12-05,0.0
VNM,61484.99142514188,61291.337908842215,62453.259006640175,61194.51115069239,3322000.0,0.0,2025-12-08,0.0
VNM,60516.72384364358,61484.99142514188,62065.95197404085,60516.72384364358,5389200.0,0.0,2025-12-09,0.0
VNM,61097.68439254256,60419.89708549375,62453.259006640175,60323.07032734392,3470500.0,0.0,2025-12-10,0.0
VNM,59548.456262145286,61000.85763439273,61484.99142514188,59548.456262145286,4852300.0,0.0,2025-12-11,0.0
VNM,58289.7084061975,59742.10977844495,60032.59005289443,58289.7084061975,4396400.0,0.0,2025-12-12,0.0
VNM,60032.59005289443,58386.53516434732,60613.55060179342,58386.53516434732,4242600.0,0.0,2025-12-15,0.0
VNM,62162.77873219069,60032.59005289443,62356.43224849035,59742.10977844495,6863300.0,0.0,2025-12-16,0.0
VNM,60904.0308762429,62065.95197404085,62065.95197404085,60904.0308762429,2090400.0,0.0,2025-12-17,0.0
VNM,61872.29845774119,61581.81818329171,61969.12521589103,60904.0308762429,3065000.0,0.0,2025-12-18,0.0
VNM,61969.12521589103,61678.64494144154,61969.12521589103,61000.85763439273,2685700.0,0.0,2025-12-19,0.0
VNM,61194.51115069239,61872.29845774119,61872.29845774119,61097.68439254256,2650700.0,0.0,2025-12-22,0.0
VNM,60613.55060179342,61484.99142514188,62065.95197404085,60323.07032734392,4394700.0,0.0,2025-12-23,0.0
VNM,59548.456262145286,60807.20411809307,60904.0308762429,59548.456262145286,4870200.0,0.0,2025-12-24,0.0
VNM,59354.80274584563,59645.28302029512,60323.07032734392,59354.80274584563,2059600.0,0.0,2025-12-25,0.0
VNM,59548.456262145286,59645.28302029512,60323.07032734392,59257.9759876958,2399200.0,0.0,2025-12-26,0.0
VNM,60129.41681104426,59548.456262145286,60226.2435691941,59451.62950399546,1943000.0,0.0,2025-12-29,0.0
VNM,59838.93653659477,60129.41681104426,60323.07032734392,59742.10977844495,1581000.0,0.0,2025-12-30,0.0
VNM,59257.9759876958,59935.7632947446,60032.59005289443,59257.9759876958,1879600.0,0.0,2025-12-31,0.0
VNM,58386.53516434732,59354.80274584563,59548.456262145286,58096.05488989784,2814700.0,0.0,2026-01-05,0.0
VNM,58870.66895509647,58580.188680646985,58967.4957132463,58386.53516434732,2963300.0,0.0,2026-01-06,0.0
VNM,58967.4957132463,58870.66895509647,59548.456262145286,58580.188680646985,3228100.0,0.0,2026-01-07,0.0
VNM,60226.2435691941,59161.14922954596,61388.164666992045,59161.14922954596,5636400.0,0.0,2026-01-08,0.0
VNM,59064.32247139613,60419.89708549375,60516.72384364358,59064.32247139613,4184100.0,0.0,2026-01-09,0.0
VNM,60710.377359943246,59161.14922954596,60710.377359943246,59161.14922954596,4146300.0,0.0,2026-01-12,0.0
VNM,61291.337908842215,60904.0308762429,62840.5660392395,60807.20411809307,6761300.0,0.0,2026-01-13,0.0
VNM,65551.71526743473,61581.81818329171,65551.71526743473,61388.164666992045,24838300.0,0.0,2026-01-14,0.0
VNM,68746.99828637911,67778.73070488081,70102.57290047673,67294.59691413166,19260600.0,0.0,2026-01-15,0.0
VNM,67391.4236722815,68843.82504452893,70683.5334493757,66907.28988153234,13372500.0,0.0,2026-01-16,0.0
VNM,68359.69125377979,67585.07718858116,68746.99828637911,66132.6758163337,10385300.0,0.0,2026-01-19,0.0
VNM,71070.84048197503,69231.13207712825,73104.20240312145,68843.82504452893,21521900.0,0.0,2026-01-20,0.0
VNM,68069.2109793303,70683.5334493757,70683.5334493757,67778.73070488081,11234100.0,0.0,2026-01-21,0.0
VNM,68650.17152822929,68843.82504452893,70489.87993307604,67778.73070488081,8055200.0,0.0,2026-01-22,0.0
VNM,65067.58147668558,67197.77015598184,67875.55746303064,65067.58147668558,16050400.0,0.0,2026-01-23,0.0
VNM,66713.63636523268,65261.23499298524,67100.943397832,65261.23499298524,8864800.0,0.0,2026-01-26,0.0
VNM,65551.71526743473,66229.50257448354,66423.15609078319,64002.487137037446,8357800.0,0.0,2026-01-27,0.0
VNM,65551.71526743473,65551.71526743473,67294.59691413166,65067.58147668558,9816800.0,0.0,2026-01-28,0.0
VNM,68843.82504452893,66326.32933263337,68843.82504452893,65745.36878373439,10036800.0,0.0,2026-01-29,0.0
VNM,68359.69125377979,69231.13207712825,70199.39965862656,68262.86449562995,7844800.0,0.0,2026-01-30,0.0
VNM,70296.22641677638,68650.17152822929,70296.22641677638,68069.2109793303,10777700.0,0.0,2026-02-02,0.0
VNM,69327.95883527808,70586.70669122589,71264.49399827467,69037.47856082859,7261000.0,0.0,2026-02-03,0.0
VNM,69715.2658678774,69521.61235157774,70296.22641677638,68553.34477007945,7672500.0,0.0,2026-02-04,0.0
VNM,66907.28988153234,69618.43910972758,69908.91938417706,66907.28988153234,8057000.0,0.0,2026-02-05,0.0
VNM,66907.28988153234,66132.6758163337,68456.51801192961,66035.84905818389,6695900.0,0.0,2026-02-06,0.0
VNM,67391.4236722815,67197.77015598184,68166.03773748013,67100.943397832,2573300.0,0.0,2026-02-09,0.0
VNM,66229.50257448354,67391.4236722815,68262.86449562995,65939.02230003403,5090400.0,0.0,2026-02-10,0.0
VNM,66907.28988153234,66229.50257448354,67681.90394673098,66229.50257448354,2672900.0,0.0,2026-02-11,0.0
VNM,66810.46312338252,67100.943397832,67585.07718858116,66810.46312338252,1951100.0,0.0,2026-02-12,0.0
VNM,67294.59691413166,66810.46312338252,67585.07718858116,66423.15609078319,3341400.0,0.0,2026-02-13,0.0
VNM,68359.69125377979,67778.73070488081,69037.47856082859,67585.07718858116,4211800.0,0.0,2026-02-23,0.0
VNM,67972.38422118047,68359.69125377979,69037.47856082859,67972.38422118047,3552500.0,0.0,2026-02-24,0.0
VNM,70005.74614232688,68166.03773748013,71070.84048197503,68166.03773748013,9804200.0,0.0,2026-02-25,0.0
VNM,68359.69125377979,68940.65180267877,69134.30531897844,67391.4236722815,14298200.0,0.0,2026-02-26,0.0
VNM,66035.84905818389,67972.38422118047,68359.69125377979,65842.19554188423,13371400.0,0.0,2026-02-27,0.0
VNM,64486.620927786586,64777.101202236096,67585.07718858116,64389.79416963677,12468700.0,0.0,2026-03-02,0.0
VNM,61388.164666992045,64486.620927786586,65164.408234835406,61388.164666992045,17815700.0,0.0,2026-03-03,0.0
VNM,62840.5660392395,61388.164666992045,62840.5660392395,60032.59005289443,13382500.0,0.0,2026-03-04,0.0
VNM,61194.51115069239,62937.39279738932,63131.04631368898,61000.85763439273,8165700.0,0.0,2026-03-05,0.0
VNM,60419.89708549375,61000.85763439273,61000.85763439273,60226.2435691941,6471800.0,0.0,2026-03-06,0.0
VNM,56256.34648505108,57127.78730839954,57224.61406654937,56256.34648505108,18046300.0,0.0,2026-03-09,0.0
VNM,60129.41681104426,58096.05488989784,60129.41681104426,57611.92109914869,10762100.0,0.0,2026-03-10,0.0
VNM,61000.85763439273,59742.10977844495,61678.64494144154,59645.28302029512,7507500.0,0.0,2026-03-11,0.0
VNM,59645.28302029512,60032.59005289443,60710.377359943246,59354.80274584563,6298800.0,0.0,2026-03-12,0.0
VNM,61097.68439254256,60032.59005289443,61194.51115069239,59645.28302029512,5388500.0,0.0,2026-03-13,0.0
VNM,59838.93653659477,60613.55060179342,60904.0308762429,59742.10977844495,2965000.0,0.0,2026-03-16,0.0
VNM,59548.456262145286,60710.377359943246,61000.85763439273,59548.456262145286,3816100.0,0.0,2026-03-17,0.0
VNM,59742.10977844495,59838.93653659477,60710.377359943246,59645.28302029512,2596400.0,0.0,2026-03-18,0.0
VNM,59064.32247139613,59451.62950399546,60032.59005289443,58870.66895509647,6400100.0,0.0,2026-03-19,0.0
VNM,58096.05488989784,59064.32247139613,59548.456262145286,58096.05488989784,5734800.0,0.0,2026-03-20,0.0
VNM,58870.66895509647,57321.4408246992,59064.32247139613,57321.4408246992,5908000.0,0.0,2026-03-23,0.0
VNM,59257.9759876958,59838.93653659477,59838.93653659477,58967.4957132463,2689900.0,0.0,2026-03-24,0.0
VNM,60129.41681104426,59548.456262145286,60226.2435691941,59451.62950399546,3445600.0,0.0,2026-03-25,0.0
VNM,59064.32247139613,60129.41681104426,60129.41681104426,59064.32247139613,2044000.0,0.0,2026-03-26,0.0
VNM,59548.456262145286,59064.32247139613,59935.7632947446,58967.4957132463,2137400.0,0.0,2026-03-27,0.0
VNM,58677.015438796814,58677.015438796814,59548.456262145286,58289.7084061975,4075600.0,0.0,2026-03-30,0.0
VNM,58580.188680646985,59064.32247139613,59548.456262145286,58580.188680646985,5323200.0,0.0,2026-03-31,0.0
VNM,59354.80274584563,59354.80274584563,60226.2435691941,59064.32247139613,5446200.0,0.0,2026-04-01,0.0
VNM,58870.66895509647,59548.456262145286,59742.10977844495,58870.66895509647,2855300.0,0.0,2026-04-02,0.0
VNM,58096.05488989784,59064.32247139613,59742.10977844495,58096.05488989784,3788600.0,0.0,2026-04-03,0.0
VNM,58967.4957132463,58096.05488989784,59064.32247139613,58096.05488989784,2587400.0,0.0,2026-04-06,0.0
VNM,59064.32247139613,58967.4957132463,59257.9759876958,58386.53516434732,1825200.0,0.0,2026-04-07,0.0
VNM,60613.55060179342,60226.2435691941,60710.377359943246,59742.10977844495,5568500.0,0.0,2026-04-08,0.0
VNM,59838.93653659477,59838.93653659477,60129.41681104426,59451.62950399546,2921000.0,0.0,2026-04-09,0.0
VNM,60807.20411809307,60613.55060179342,61969.12521589103,60516.72384364358,6158400.0,0.0,2026-04-10,0.0
VNM,60807.20411809307,60419.89708549375,60807.20411809307,60226.2435691941,3418300.0,0.0,2026-04-13,0.0
VNM,60032.59005289443,61388.164666992045,61484.99142514188,60032.59005289443,4247700.0,0.0,2026-04-14,0.0
VNM,59354.80274584563,60129.41681104426,60613.55060179342,59257.9759876958,4403200.0,0.0,2026-04-15,0.0
VNM,59161.14922954596,59548.456262145286,59742.10977844495,59161.14922954596,2272100.0,0.0,2026-04-16,0.0
VNM,59354.80274584563,59354.80274584563,60710.377359943246,59354.80274584563,3115500.0,0.0,2026-04-17,0.0
VNM,59548.456262145286,59451.62950399546,60419.89708549375,59354.80274584563,3251900.0,0.0,2026-04-20,0.0
VNM,59645.28302029512,59935.7632947446,60710.377359943246,59548.456262145286,5306600.0,0.0,2026-04-21,0.0
VNM,59838.93653659477,59645.28302029512,60323.07032734392,59548.456262145286,3939900.0,0.0,2026-04-22,0.0
VNM,60032.59005289443,60032.59005289443,60516.72384364358,59064.32247139613,4234100.0,0.0,2026-04-23,0.0
VNM,59451.62950399546,60129.41681104426,60129.41681104426,58580.188680646985,5855700.0,0.0,2026-04-24,0.0
VNM,59257.9759876958,59257.9759876958,59354.80274584563,58580.188680646985,3220800.0,0.0,2026-04-28,0.0
VNM,58967.4957132463,58386.53516434732,59354.80274584563,58386.53516434732,2407200.0,0.0,2026-04-29,0.0
VNM,58967.4957132463,59161.14922954596,59645.28302029512,58773.84219694664,1873800.0,0.0,2026-05-04,0.0
VNM,59161.14922954596,59161.14922954596,59257.9759876958,58483.36192249716,2751900.0,0.0,2026-05-05,0.0
VNM,59548.456262145286,59257.9759876958,59742.10977844495,58773.84219694664,2590900.0,0.0,2026-05-06,0.0
VNM,59548.456262145286,59645.28302029512,59838.93653659477,59161.14922954596,4751300.0,0.0,2026-05-07,0.0
VNM,58967.4957132463,59838.93653659477,59838.93653659477,58967.4957132463,2787000.0,0.0,2026-05-08,0.0
VNM,58677.015438796814,59161.14922954596,59161.14922954596,58580.188680646985,3875800.0,0.0,2026-05-11,0.0
VNM,58192.88164804767,58677.015438796814,58773.84219694664,57999.22813174801,4102800.0,0.0,2026-05-12,0.0
VNM,57418.26758284903,58192.88164804767,58192.88164804767,56837.307033950055,8534300.0,0.0,2026-05-13,0.0
VNM,58192.88164804767,57418.26758284903,58192.88164804767,57418.26758284903,3058300.0,0.0,2026-05-14,0.0
VNM,57902.40137359817,58192.88164804767,58386.53516434732,57902.40137359817,2010300.0,0.0,2026-05-15,0.0
VNM,58580.188680646985,57611.92109914869,58773.84219694664,57611.92109914869,4850600.0,0.0,2026-05-18,0.0
VNM,57902.40137359817,58580.188680646985,58773.84219694664,57805.57461544835,2739700.0,0.0,2026-05-19,0.0
VNM,57224.61406654937,57902.40137359817,57999.22813174801,56740.48027580023,5727600.0,0.0,2026-05-20,0.0
VNM,57127.78730839954,57611.92109914869,57708.74785729852,56934.13379209988,3271300.0,0.0,2026-05-21,0.0
VNM,57611.92109914869,57224.61406654937,57805.57461544835,56837.307033950055,6005000.0,0.0,2026-05-22,0.0
VNM,57224.61406654937,57611.92109914869,57902.40137359817,57224.61406654937,1587500.0,0.0,2026-05-25,0.0
VNM,57224.61406654937,57224.61406654937,57515.09434099885,57127.78730839954,1880800.0,0.0,2026-05-26,0.0
VNM,56934.13379209988,57224.61406654937,57321.4408246992,56837.307033950055,2976500.0,0.0,2026-05-27,0.0
VNM,57127.78730839954,57127.78730839954,57902.40137359817,57127.78730839954,3798600.0,0.0,2026-05-28,0.0
VNM,57321.4408246992,57127.78730839954,57418.26758284903,57030.96055024971,1960700.0,0.0,2026-05-29,0.0
VNM,57224.61406654937,57321.4408246992,57418.26758284903,56934.13379209988,2259500.0,0.0,2026-06-01,0.0
VNM,56740.48027580023,57224.61406654937,57321.4408246992,56740.48027580023,2961900.0,0.0,2026-06-02,0.0
VNM,56450.00000135073,56740.48027580023,56934.13379209988,56256.34648505108,3814300.0,0.0,2026-06-03,0.0
VNM,56740.48027580023,56740.48027580023,56934.13379209988,56353.17324320091,2126500.0,0.0,2026-06-04,0.0
VNM,56546.82675950056,56934.13379209988,57030.96055024971,56450.00000135073,1866100.0,0.0,2026-06-05,0.0
VNM,56159.51972690124,56353.17324320091,56934.13379209988,55965.86621060158,3179800.0,0.0,2026-06-08,0.0
VNM,56450.00000135073,56256.34648505108,56643.65351765039,56159.51972690124,1228000.0,0.0,2026-06-09,0.0
VNM,57030.96055024971,56546.82675950056,57030.96055024971,56353.17324320091,2353200.0,0.0,2026-06-10,0.0
VNM,57321.4408246992,56934.13379209988,57708.74785729852,56643.65351765039,1804500.0,0.0,2026-06-11,0.0
VNM,57127.78730839954,57418.26758284903,57902.40137359817,57127.78730839954,3489300.0,0.0,2026-06-12,0.0
VNM,57805.57461544835,57418.26758284903,57902.40137359817,57418.26758284903,2021700.0,0.0,2026-06-15,0.0
VNM,57224.61406654937,57902.40137359817,57902.40137359817,57224.61406654937,2029500.0,0.0,2026-06-16,0.0
VNM,57127.78730839954,57224.61406654937,57805.57461544835,57127.78730839954,2838900.0,0.0,2026-06-17,0.0
VNM,57321.4408246992,57611.92109914869,57805.57461544835,57224.61406654937,2482800.0,0.0,2026-06-18,0.0
VNM,57127.78730839954,57321.4408246992,57515.09434099885,57030.96055024971,3349900.0,0.0,2026-06-19,0.0
VNM,56740.48027580023,57611.92109914869,57708.74785729852,56740.48027580023,2997800.0,0.0,2026-06-22,0.0
VNM,56546.82675950056,56837.307033950055,57127.78730839954,56546.82675950056,2295600.0,0.0,2026-06-23,0.0
VNM,56450.00000135073,56740.48027580023,56837.307033950055,56256.34648505108,1532100.0,0.0,2026-06-24,0.0
VNM,56450.00000135073,56643.65351765039,56740.48027580023,56353.17324320091,1803300.0,0.0,2026-06-25,0.0
VNM,56300.0,56800.0,56800.0,55900.0,3173400.0,0.0,2026-06-26,0.0
VNM,56100.0,56500.0,56500.0,56000.0,1470900.0,0.0,2026-06-29,0.0
VNM,54800.0,56100.0,56200.0,54700.0,9320000.0,0.0,2026-06-30,0.0
VNM,55200.0,55000.0,55500.0,54800.0,2357300.0,0.0,2026-07-01,0.0
VNM,55500.0,55300.0,56000.0,55300.0,3669400.0,0.0,2026-07-02,0.0
VNM,54900.0,55500.0,55700.0,54700.0,4133600.0,0.0,2026-07-03,0.0
VNM,55300.0,55000.0,55400.0,54600.0,3211000.0,0.0,2026-07-06,0.0
VNM,55100.0,55200.0,55300.0,54900.0,1611400.0,0.0,2026-07-07,0.0
VNM,55700.0,55000.0,55700.0,55000.0,3705000.0,0.0,2026-07-08,0.0
VNM,55700.0,55600.0,55900.0,55400.0,2469400.0,0.0,2026-07-09,0.0
VNM,56600.0,55900.0,56700.0,55800.0,5573700.0,0.0,2026-07-10,0.0
VNM,55400.0,56600.0,56600.0,55300.0,1951400.0,0.0,2026-07-13,0.0
VNM,56000.0,55500.0,56000.0,55200.0,1755100.0,0.0,2026-07-14,0.0
VNM,56200.0,56000.0,56400.0,55500.0,2491200.0,0.0,2026-07-15,0.0
VNM,56200.0,56100.0,56300.0,55300.0,1991100.0,0.0,2026-07-16,0.0
VNM,59000.0,56300.0,59400.0,56200.0,12982500.0,0.0,2026-07-17,0.0
VNM,58500.0,58800.0,58800.0,57700.0,4583900.0,0.0,2026-07-20,0.0
VNM,58400.0,58100.0,58800.0,58100.0,3543700.0,0.0,2026-07-21,0.0
VNM,59100.0,58700.0,60100.0,58400.0,10506300.0,0.0,2026-07-22,0.0
VNM,57800.0,59100.0,59100.0,56900.0,4827500.0,0.0,2026-07-23,0.0
VNM,58900.0,58500.0,59500.0,58300.0,4176800.0,0.0,2026-07-24,0.0
VNM,57900.0,59200.0,59800.0,57900.0,3671400.0,0.0,2026-07-27,0.0
VNM,59600.0,57700.0,59600.0,57700.0,5256600.0,0.0,2026-07-28,0.0
VNM,60000.0,59900.0,61000.0,59400.0,6199800.0,0.0,2026-07-29,0.0
VNM,61200.0,60300.0,61400.0,59800.0,6944300.0,0.0,2026-07-30,0.0
VNM,60900.0,61200.0,61300.0,60100.0,4479800.0,0.0,2026-07-31,0.0
VNM,60300.0,60900.0,61000.0,60000.0,6377600.0,0.0,2026-08-03,0.0
VNM,59500.0,60400.0,60400.0,59000.0,5531900.0,0.0,2026-08-04,0.0
VNM,58600.0,59400.0,60100.0,58600.0,5288700.0,0.0,2026-08-05,0.0
VNM,59000.0,58700.0,59600.0,58600.0,3231300.0,0.0,2026-08-06,0.0
VNM,62000.0,59000.0,63100.0,59000.0,13239500.0,0.0,2026-08-07,0.0
VNM,62100.0,61600.0,62700.0,61600.0,3480200.0,0.0,2026-08-10,0.0
VNM,62000.0,62500.0,63300.0,61800.0,4475100.0,0.0,2026-08-11,0.0
VNM,61800.0,61900.0,62500.0,61400.0,2755600.0,0.0,2026-08-12,0.0
VNM,61600.0,61800.0,63000.0,61500.0,4257000.0,0.0,2026-08-13,0.0
VNM,61600.0,61600.0,62600.0,61000.0,3663300.0,0.0,2026-08-14,0.0
VNM,62200.0,61700.0,63000.0,61700.0,2965800.0,0.0,2026-08-17,0.0
VNM,62100.0,62200.0,62600.0,61800.0,1844100.0,0.0,2026-08-18,0.0
VNM,63100.0,61900.0,63200.0,61600.0,4664900.0,0.0,2026-08-19,0.0
VNM,64000.0,63100.0,64300.0,62700.0,6309900.0,0.0,2026-08-20,0.0
VNM,63800.0,64099.99999999999,64099.99999999999,63400.0,3581800.0,0.0,2026-08-21,0.0
VNM,63200.0,64000.0,64400.00000000001,63200.0,3332500.0,0.0,2026-08-24,0.0
VNM,62600.0,63100.0,63800.0,62500.0,3343900.0,0.0,2026-08-25,0.0
VNM,62800.0,62700.0,63500.0,62400.0,2402700.0,0.0,2026-08-26,0.0
VNM,62500.0,62700.0,63200.0,62300.0,2651300.0,0.0,2026-08-27,0.0
VNM,62300.0,62900.0,63000.0,62300.0,2385900.0,0.0,2026-08-28,0.0
VNM,61200.0,62200.0,62300.0,61200.0,3947400.0,0.0,2026-09-03,0.0
VNM,61900.0,61400.0,62100.0,61200.0,1906600.0,0.0,2026-09-04,0.0
VNM,60700.0,61900.0,62200.0,60600.0,3004700.0,0.0,2026-09-07,0.0
VNM,61000.0,60700.0,61100.0,60400.0,1874400.0,0.0,2026-09-08,0.0
VNM,61300.0,61000.0,61800.0,61000.0,1620000.0,0.0,2026-09-09,0.0
VNM,61600.0,61300.0,61900.0,61100.0,1890400.0,0.0,2026-09-10,0.0
VNM,59900.0,61200.0,61300.0,59800.0,4047300.0,0.0,2026-09-11,0.0
VNM,59300.0,59700.0,60100.0,58600.0,3853000.0,0.0,2026-09-14,0.0
VNM,59700.0,59500.0,60200.0,59400.0,1835300.0,0.0,2026-09-15,0.0
VNM,59600.0,59800.0,60300.0,59600.0,1737400.0,0.0,2026-09-16,0.0
VNM,60200.0,59400.0,60700.0,59400.0,2437100.0,0.0,2026-09-17,0.0
VNM,61200.0,60400.0,61200.0,60300.0,4517300.0,0.0,2026-09-18,0.0
VNM,60300.0,61200.0,61300.0,60300.0,2522300.0,0.0,2026-09-21,0.0
VNM,61200.0,60400.0,61300.0,60300.0,1774600.0,0.0,2026-09-22,0.0
